doc_id,earn,acq,money-fx,crude,grain,trade,interest,wheat,ship,corn
14826,0,0,0,0,0,1,0,0,0,0
14828,0,0,0,0,1,0,0,0,0,0
14829,0,0,0,1,0,0,0,0,0,0
14832,0,0,0,0,1,1,0,0,0,1
14839,0,0,0,0,0,0,0,0,1,0
14841,0,0,0,0,1,0,0,1,0,0
14843,0,1,0,0,0,0,0,0,0,0
14849,0,0,1,0,0,0,1,0,0,0
14852,0,1,0,0,0,0,0,0,0,0
14858,0,0,0,0,1,1,0,0,0,1
14859,1,0,0,0,0,0,0,0,0,0
14860,1,0,0,0,0,0,0,0,0,0
14861,0,0,1,0,0,0,1,0,0,0
14862,0,0,0,0,0,1,0,0,0,0
14865,0,1,0,0,0,0,0,0,0,0
14872,1,0,0,0,0,0,0,0,0,0
14873,1,0,0,0,0,0,0,0,0,0
14875,1,0,0,0,0,0,0,0,0,0
14876,1,0,0,0,0,0,0,0,0,0
14881,0,0,0,0,0,1,0,0,0,0
14888,0,1,0,0,0,0,0,0,0,0
14890,0,0,1,0,0,0,1,0,0,0
14899,1,0,0,0,0,0,0,0,0,0
14900,0,1,0,0,0,0,0,0,0,0
14903,1,0,0,0,0,0,0,0,0,0
14904,0,0,0,0,0,1,0,0,0,0
14907,0,1,0,0,0,0,0,0,0,0
14909,0,1,0,0,0,0,0,0,0,0
14911,1,0,0,0,0,0,0,0,0,0
14912,0,0,0,0,0,1,0,0,0,0
14913,0,0,1,0,0,0,0,0,0,0
14919,0,0,1,0,0,0,1,0,0,0
14921,0,1,0,0,0,0,0,0,0,0
14926,1,0,0,0,0,0,0,0,0,0
14930,1,0,0,0,0,0,0,0,0,0
14931,0,0,1,0,0,0,0,0,0,0
14932,0,1,0,0,0,0,0,0,0,0
14933,1,0,0,0,0,0,0,0,0,0
14934,1,0,0,0,0,0,0,0,0,0
14941,0,1,0,0,0,0,0,0,0,0
14943,0,1,0,0,0,0,0,0,0,0
14949,0,1,0,0,0,0,0,0,0,0
14954,1,0,0,0,0,0,0,0,0,0
14957,0,0,0,0,0,0,0,0,1,0
14958,1,0,0,0,0,0,0,0,0,0
14959,0,0,0,0,0,0,0,0,1,0
14960,1,0,0,0,0,0,0,0,0,0
14962,1,0,0,0,0,0,0,0,0,0
14963,1,0,0,0,0,0,0,0,0,0
14964,0,0,1,0,0,0,1,0,0,0
14965,1,0,0,0,0,0,0,0,0,0
14967,1,0,0,0,0,0,0,0,0,0
14968,1,0,0,0,0,0,0,0,0,0
14969,1,0,0,0,0,0,0,0,0,0
14970,1,0,0,0,0,0,0,0,0,0
14971,1,0,0,0,0,0,0,0,0,0
14975,1,0,0,0,0,0,0,0,0,0
14978,0,1,0,0,0,0,0,0,0,0
14981,1,0,0,0,0,0,0,0,0,0
14982,0,1,0,0,0,0,0,0,0,0
14983,1,0,0,0,0,0,0,0,0,0
14984,1,0,0,0,0,0,0,0,0,0
14985,1,0,0,0,0,0,0,0,0,0
14987,0,0,1,0,0,0,0,0,0,0
14993,1,0,0,0,0,0,0,0,0,0
14995,1,0,0,0,0,0,0,0,0,0
14998,1,0,0,0,0,0,0,0,0,0
15000,1,0,0,0,0,0,0,0,0,0
15001,0,1,0,0,0,0,0,0,0,0
15002,1,0,0,0,0,0,0,0,0,0
15004,0,1,0,0,0,0,0,0,0,0
15005,1,0,0,0,0,0,0,0,0,0
15006,1,0,0,0,0,0,0,0,0,0
15011,1,0,0,0,0,0,0,0,0,0
15012,1,0,0,0,0,0,0,0,0,0
15016,1,0,0,0,0,0,0,0,0,0
15020,1,0,0,0,0,0,0,0,0,0
15023,1,0,0,0,0,0,0,0,0,0
15024,0,1,0,0,0,0,0,0,0,0
15026,1,0,0,0,0,0,0,0,0,0
15027,1,0,0,0,0,0,0,0,0,0
15028,1,0,0,0,0,0,0,0,0,0
15029,1,0,0,0,0,0,0,0,0,0
15031,0,1,0,0,0,0,0,0,0,0
15032,1,0,0,0,0,0,0,0,0,0
15033,0,0,0,0,1,0,0,0,0,1
15037,0,1,0,0,0,0,0,0,0,0
15043,0,0,0,0,1,0,0,1,0,1
15046,1,0,0,0,0,0,0,0,0,0
15048,0,0,1,0,0,0,0,0,0,0
15049,0,0,0,0,0,0,1,0,0,0
15052,0,1,0,0,0,0,0,0,0,0
15053,1,0,0,0,0,0,0,0,0,0
15055,1,0,0,0,0,0,0,0,0,0
15056,1,0,0,0,0,0,0,0,0,0
15060,0,1,0,0,0,0,0,0,0,0
15061,0,1,0,0,0,0,0,0,0,0
15062,1,0,0,0,0,0,0,0,0,0
15063,1,1,0,1,0,0,0,0,0,0
15065,1,0,0,0,0,0,0,0,0,0
15067,1,0,0,0,0,0,0,0,0,0
15069,0,1,0,0,0,0,0,0,0,0
15070,1,0,0,0,0,0,0,0,0,0
15074,1,0,0,0,0,0,0,0,0,0
15077,1,0,0,0,0,0,0,0,0,0
15078,1,0,0,0,0,0,0,0,0,0
15079,1,0,0,0,0,0,0,0,0,0
15082,1,0,0,0,0,0,0,0,0,0
15090,1,0,0,0,0,0,0,0,0,0
15091,0,1,0,0,0,0,0,0,0,0
15092,0,0,0,0,0,0,1,0,0,0
15093,1,0,0,0,0,0,0,0,0,0
15094,1,0,0,0,0,0,0,0,0,0
15096,0,0,0,0,0,0,1,0,0,0
15097,0,0,0,0,1,0,0,1,0,0
15103,1,0,0,0,0,0,0,0,0,0
15104,1,0,0,0,0,0,0,0,0,0
15106,0,0,0,0,1,0,0,0,0,1
15107,1,0,0,0,0,0,0,0,0,0
15109,1,0,0,0,0,0,0,0,0,0
15110,1,0,0,0,0,0,0,0,0,0
15111,0,1,0,0,0,0,0,0,0,0
15118,1,0,0,0,0,0,0,0,0,0
15119,0,1,0,0,0,0,0,0,0,0
15120,1,0,0,0,0,0,0,0,0,0
15121,1,0,0,0,0,0,0,0,0,0
15122,0,1,0,0,0,0,0,0,0,0
15124,0,1,0,0,0,0,0,0,0,0
15126,1,0,0,0,0,0,0,0,0,0
15128,0,1,0,0,0,0,0,0,0,0
15130,1,0,0,0,0,0,0,0,0,0
15132,0,0,0,0,1,0,0,1,0,0
15136,1,0,0,0,0,0,0,0,0,0
15138,0,1,0,0,0,0,0,0,0,0
15141,1,0,0,0,0,0,0,0,0,0
15144,1,0,0,0,0,0,0,0,0,0
15145,1,0,0,0,0,0,0,0,0,0
15146,0,1,0,0,0,0,0,0,0,0
15149,0,1,0,0,0,0,0,0,0,0
15152,1,0,0,0,0,0,0,0,0,0
15153,1,0,0,0,0,0,0,0,0,0
15154,0,0,0,0,0,1,0,0,0,0
15156,0,1,0,0,0,0,0,0,0,0
15157,1,0,0,0,0,0,0,0,0,0
15161,0,1,0,0,0,0,0,0,0,0
15162,1,0,0,0,0,0,0,0,0,0
15171,0,0,0,0,0,1,0,0,0,0
15172,1,0,0,0,0,0,0,0,0,0
15175,1,0,0,0,0,0,0,0,0,0
15180,1,0,0,0,0,0,0,0,0,0
15185,1,0,0,0,0,0,0,0,0,0
15188,1,0,0,0,0,0,0,0,0,0
15189,1,0,0,0,0,0,0,0,0,0
15190,1,0,0,0,0,0,0,0,0,0
15193,1,0,0,0,0,0,0,0,0,0
15194,1,0,0,0,0,0,0,0,0,0
15197,1,0,0,0,0,0,0,0,0,0
15200,0,0,0,1,0,0,0,0,0,0
15204,0,1,0,0,0,0,0,0,0,0
15205,1,0,0,0,0,0,0,0,0,0
15207,1,0,0,0,0,0,0,0,0,0
15208,1,0,0,0,0,0,0,0,0,0
15210,0,1,0,0,0,0,0,0,0,0
15211,1,0,0,0,0,0,0,0,0,0
15212,0,0,1,0,0,0,1,0,0,0
15213,1,0,0,0,0,0,0,0,0,0
15217,0,1,0,0,0,0,0,0,0,0
15221,1,0,0,0,0,0,0,0,0,0
15222,1,0,0,0,0,0,0,0,0,0
15223,0,0,0,0,0,1,0,0,0,0
15226,1,0,0,0,0,0,0,0,0,0
15227,1,0,0,0,0,0,0,0,0,0
15230,0,0,0,1,0,0,0,0,0,0
15233,1,0,0,0,0,0,0,0,0,0
15234,0,0,1,0,0,0,0,0,0,0
15238,1,0,0,1,0,0,0,0,0,0
15239,0,1,0,0,0,0,0,0,0,0
15240,1,0,0,0,0,0,0,0,0,0
15243,1,0,0,0,0,0,0,0,0,0
15244,0,0,0,1,0,0,0,0,0,0
15247,1,0,0,0,0,0,0,0,0,0
15250,1,0,0,0,0,0,0,0,0,0
15253,0,0,1,0,0,0,0,0,0,0
15255,0,1,0,0,0,0,0,0,0,0
15258,1,0,0,0,0,0,0,0,0,0
15259,1,0,0,0,0,0,0,0,0,0
15262,0,0,0,0,0,1,0,0,0,0
15263,1,0,0,0,0,0,0,0,0,0
15265,1,0,0,0,0,0,0,0,0,0
15270,1,0,0,0,0,0,0,0,0,0
15271,0,0,0,0,1,0,0,1,0,0
15273,0,0,0,0,1,0,0,1,0,0
15274,1,0,0,0,0,0,0,0,0,0
15276,0,1,0,0,0,0,0,0,0,0
15278,1,0,0,0,0,0,0,0,0,0
15280,1,0,0,0,0,0,0,0,0,0
15281,0,1,0,0,0,0,0,0,0,0
15283,1,0,0,0,0,0,0,0,0,0
15287,0,0,0,0,1,0,0,0,0,1
15292,1,0,0,0,0,0,0,0,0,0
15294,0,1,0,0,0,0,0,0,0,0
15295,1,0,0,0,0,0,0,0,0,0
15296,1,0,0,0,0,0,0,0,0,0
15299,1,0,0,0,0,0,0,0,0,0
15300,1,0,0,0,0,0,0,0,0,0
15302,0,1,0,0,0,0,0,0,0,0
15303,0,0,0,0,1,0,0,0,0,0
15306,0,1,0,0,0,0,0,0,0,0
15307,1,0,0,0,0,0,0,0,0,0
15308,0,1,0,0,0,0,0,0,0,0
15309,1,0,0,0,0,0,0,0,0,0
15310,0,0,0,0,0,0,1,0,0,0
15311,0,1,0,0,0,0,0,0,0,0
15312,1,0,0,0,0,0,0,0,0,0
15313,0,0,0,0,0,1,0,0,0,0
15314,1,0,0,0,0,0,0,0,0,0
15315,1,0,0,0,0,0,0,0,0,0
15321,1,0,0,0,0,0,0,0,0,0
15322,0,0,0,1,0,0,0,0,0,0
15324,1,0,0,0,0,0,0,0,0,0
15325,1,0,0,0,0,0,0,0,0,0
15326,1,0,0,0,0,0,0,0,0,0
15327,1,0,0,0,0,0,0,0,0,0
15335,0,1,0,0,0,0,0,0,0,0
15336,1,0,0,0,0,0,0,0,0,0
15337,0,1,0,0,0,0,0,0,0,0
15339,0,0,0,1,0,0,0,0,0,0
15341,0,0,0,0,1,0,0,1,0,1
15344,0,0,0,1,0,0,0,0,0,0
15345,1,0,0,0,0,0,0,0,0,0
15348,1,0,0,0,0,0,0,0,0,0
15349,0,1,0,0,0,0,0,0,0,0
15351,0,0,0,1,0,0,0,0,0,0
15352,0,0,0,0,0,1,0,0,0,0
15354,1,0,0,0,0,0,0,0,0,0
15356,1,0,0,0,0,0,0,0,0,0
15359,1,0,0,0,0,0,0,0,0,0
15363,0,1,0,0,0,0,0,0,0,0
15364,0,0,1,0,0,0,1,0,0,0
15366,0,1,0,0,0,0,0,0,0,0
15367,0,0,0,0,1,0,0,0,0,0
15372,0,1,0,0,0,1,0,0,0,0
15375,0,0,1,0,0,1,0,0,0,0
15378,0,0,1,0,0,0,1,0,0,0
15379,1,0,0,0,0,0,0,0,0,0
15380,1,0,0,0,0,0,0,0,0,0
15383,1,0,0,0,0,0,0,0,0,0
15384,0,0,0,0,0,0,1,0,0,0
15386,0,0,0,0,0,1,0,0,0,0
15387,1,0,0,0,0,0,0,0,0,0
15388,0,0,0,0,1,0,0,1,0,0
15389,1,0,0,0,0,0,0,0,0,0
15391,1,0,0,0,0,0,0,0,0,0
15396,1,0,0,0,0,0,0,0,0,0
15397,1,0,0,0,0,0,0,0,0,0
15404,0,1,0,0,0,0,0,0,0,0
15406,1,0,0,0,0,0,0,0,0,0
15410,0,0,0,0,0,0,1,0,0,0
15413,1,0,0,0,0,0,0,0,0,0
15417,1,0,0,0,0,0,0,0,0,0
15421,0,1,0,0,0,0,0,0,0,0
15425,0,1,0,0,0,0,0,0,0,0
15427,1,0,0,0,0,0,0,0,0,0
15428,0,0,0,0,0,1,0,0,0,0
15429,1,0,0,0,0,0,0,0,0,0
15430,0,0,0,0,0,1,0,0,0,0
15431,0,0,1,0,0,0,0,0,0,0
15436,0,0,1,0,0,0,1,0,0,0
15438,1,0,0,0,0,0,0,0,0,0
15442,0,0,1,0,0,0,0,0,0,0
15444,0,0,1,0,0,0,1,0,0,0
15447,0,0,0,0,0,1,0,0,0,0
15448,0,0,1,0,0,0,0,0,0,0
15449,0,0,1,0,0,0,0,0,0,0
15450,0,0,1,0,0,0,0,0,0,0
15451,1,0,0,0,0,0,0,0,0,0
15452,0,0,1,0,0,1,0,0,0,0
15453,0,0,1,0,0,0,0,0,0,0
15457,1,0,0,0,0,0,0,0,0,0
15459,1,0,0,0,0,0,0,0,0,0
15460,0,0,1,0,0,0,0,0,0,0
15464,0,1,0,0,0,0,0,0,0,0
15467,0,1,0,0,0,0,0,0,0,0
15468,0,1,0,0,0,0,0,0,0,0
15472,0,0,0,0,1,0,0,1,0,0
15476,1,0,0,0,0,0,0,0,0,0
15477,1,0,0,0,0,0,0,0,0,0
15478,1,0,0,0,0,0,0,0,0,0
15479,0,1,0,0,0,0,0,0,0,0
15482,1,0,0,0,0,0,0,0,0,0
15484,0,0,0,0,0,0,0,0,1,0
15487,0,1,0,0,0,0,0,0,0,0
15489,1,0,0,0,0,0,0,0,0,0
15494,1,0,0,0,0,0,0,0,0,0
15495,1,0,0,0,0,0,0,0,0,0
15496,1,0,0,0,0,0,0,0,0,0
15500,0,0,0,0,1,0,0,1,0,0
15501,0,1,0,0,0,0,0,0,0,0
15510,0,0,1,0,0,0,0,0,0,0
15511,1,0,0,0,0,0,0,0,0,0
15515,1,0,0,0,0,0,0,0,0,0
15520,0,0,0,1,0,0,0,0,0,0
15521,1,0,0,0,0,0,0,0,0,0
15522,0,0,1,0,0,0,1,0,0,0
15523,0,0,1,0,0,0,0,0,0,0
15527,0,0,1,0,0,0,0,0,0,0
15528,1,0,0,0,0,0,0,0,0,0
15531,0,0,0,0,1,0,0,0,1,0
15535,1,0,0,0,0,0,0,0,0,0
15539,0,0,1,0,0,0,1,0,0,0
15542,0,1,0,0,0,0,0,0,0,0
15544,0,1,0,0,0,0,0,0,0,0
15545,0,1,0,0,0,0,0,0,0,0
15547,1,0,0,0,0,0,0,0,0,0
15548,1,0,0,0,0,0,0,0,0,0
15550,0,0,0,0,0,0,1,0,0,0
15552,0,0,0,0,0,1,1,0,0,0
15553,1,0,0,0,0,0,0,0,0,0
15558,1,0,0,0,0,0,0,0,0,0
15559,1,0,0,0,0,0,0,0,0,0
15560,0,0,0,0,0,0,1,0,0,0
15561,0,1,0,0,0,0,0,0,0,0
15565,0,1,0,0,0,0,0,0,0,0
15566,1,0,0,0,0,0,0,0,0,0
15567,0,0,0,0,1,0,0,1,0,0
15569,1,0,0,0,0,0,0,0,0,0
15570,1,0,0,0,0,0,0,0,0,0
15571,0,1,0,0,0,0,0,0,0,0
15572,0,0,0,0,1,0,0,1,0,0
15575,0,1,0,0,0,0,0,0,0,0
15578,0,0,0,0,0,0,1,0,0,0
15579,0,0,0,0,0,0,1,0,0,0
15580,0,0,0,0,1,0,0,0,0,0
15581,1,0,0,0,0,0,0,0,0,0
15582,0,0,0,0,1,0,0,1,0,0
15583,1,0,0,0,0,0,0,0,0,0
15585,1,0,0,0,0,0,0,0,0,0
15590,1,0,0,0,0,0,0,0,0,0
15591,0,1,0,0,0,0,0,0,0,0
15593,1,0,0,0,0,0,0,0,0,0
15594,1,0,0,0,0,0,0,0,0,0
15595,0,1,0,0,0,0,0,0,0,0
15596,0,1,0,0,0,0,0,0,0,0
15597,1,0,0,0,0,0,0,0,0,0
15598,1,0,0,0,0,0,0,0,0,0
15600,0,1,0,0,0,0,0,0,0,0
15601,1,0,0,0,0,0,0,0,0,0
15602,1,0,0,0,0,0,0,0,0,0
15603,0,0,0,0,0,0,1,0,0,0
15605,0,1,0,0,0,0,0,0,0,0
15610,0,0,0,0,0,0,1,0,0,0
15613,1,0,0,0,0,0,0,0,0,0
15615,0,0,1,0,0,0,1,0,0,0
15616,0,1,0,0,0,0,0,0,0,0
15617,0,0,0,0,0,0,1,0,0,0
15618,0,0,0,0,1,0,0,1,0,1
15621,0,0,1,0,0,0,0,0,0,0
15625,0,0,1,0,0,0,0,0,0,0
15626,1,0,0,0,0,0,0,0,0,0
15629,0,1,0,0,0,0,0,0,0,0
15632,1,0,0,0,0,0,0,0,0,0
15634,1,0,0,0,0,0,0,0,0,0
15636,0,0,1,0,0,0,0,0,0,0
15637,1,0,0,0,0,0,0,0,0,0
15640,1,0,0,0,0,0,0,0,0,0
15641,1,0,0,0,0,0,0,0,0,0
15646,0,0,0,0,0,1,0,0,0,0
15648,0,0,0,0,1,0,0,0,0,1
15649,0,0,0,0,1,0,0,0,0,0
15651,1,0,0,0,0,0,0,0,0,0
15655,1,0,0,0,0,0,0,0,0,0
15656,0,0,1,0,0,0,0,0,0,0
15664,0,1,0,0,0,0,0,0,0,0
15666,0,0,0,0,0,1,0,0,0,0
15667,1,0,0,0,0,0,0,0,0,0
15668,1,0,0,0,0,0,0,0,0,0
15669,1,0,0,0,0,0,0,0,0,0
15672,0,1,0,0,0,0,0,0,0,0
15674,1,0,0,0,0,0,0,0,0,0
15676,0,0,0,0,1,0,0,1,0,1
15677,0,0,1,0,0,0,0,0,0,0
15679,1,0,0,0,0,0,0,0,0,0
15680,1,0,0,0,0,0,0,0,0,0
15682,0,1,0,0,0,0,0,0,0,0
15686,0,0,0,0,1,0,0,1,0,1
15688,1,0,0,0,0,0,0,0,0,0
15689,0,0,1,0,0,0,0,0,0,0
15691,1,0,0,0,0,0,0,0,0,0
15692,1,0,0,0,0,0,0,0,0,0
15694,0,0,1,0,0,0,0,0,0,0
15695,1,0,0,0,0,0,0,0,0,0
15696,0,0,0,0,0,0,0,0,1,0
15698,0,1,0,0,0,0,0,0,0,0
15702,1,0,0,0,0,0,0,0,0,0
15703,1,0,0,0,0,0,0,0,0,0
15704,1,0,0,0,0,0,0,0,0,0
15707,1,0,0,0,0,0,0,0,0,0
15708,1,0,0,0,0,0,0,0,0,0
15709,1,0,0,0,0,0,0,0,0,0
15710,0,0,0,0,1,0,0,0,1,0
15713,0,1,0,0,0,0,0,0,0,0
15715,1,0,0,0,0,0,0,0,0,0
15717,0,1,0,0,0,0,0,0,0,0
15719,1,0,0,0,0,0,0,0,0,0
15720,0,0,0,0,1,0,0,0,0,1
15723,1,0,0,0,0,0,0,0,0,0
15725,0,0,0,0,0,1,0,0,0,0
15726,0,0,0,0,1,0,0,0,1,0
15727,0,0,0,0,0,0,0,0,1,0
15728,0,0,0,0,1,0,0,1,1,0
15729,1,0,0,0,0,0,0,0,0,0
15732,1,0,0,0,0,0,0,0,0,0
15733,1,0,0,0,0,0,0,0,0,0
15736,1,0,0,0,0,0,0,0,0,0
15737,0,0,0,0,0,1,0,0,0,0
15739,0,1,0,0,0,0,0,0,0,0
15749,1,0,0,0,0,0,0,0,0,0
15753,1,0,0,0,0,0,0,0,0,0
15757,1,0,0,0,0,0,0,0,0,0
15759,1,0,0,0,0,0,0,0,0,0
15762,1,0,0,0,0,0,0,0,0,0
15769,1,0,0,0,0,0,0,0,0,0
15772,1,0,0,0,0,0,0,0,0,0
15777,1,0,0,0,0,0,0,0,0,0
15778,0,1,0,0,0,0,0,0,0,0
15780,1,0,0,0,0,0,0,0,0,0
15782,1,0,0,0,0,0,0,0,0,0
15785,0,1,0,0,0,0,0,0,0,0
15790,1,0,0,0,0,0,0,0,0,0
15797,1,0,0,0,0,0,0,0,0,0
15800,1,0,0,0,0,0,0,0,0,0
15801,1,0,0,0,0,0,0,0,0,0
15805,0,0,0,0,0,0,1,0,0,0
15807,1,0,0,0,0,0,0,0,0,0
15808,1,0,0,0,0,0,0,0,0,0
15810,0,1,0,0,0,0,0,0,0,0
15816,0,0,0,0,0,0,1,0,0,0
15819,1,0,0,0,0,0,0,0,0,0
15821,1,0,0,0,0,0,0,0,0,0
15822,1,0,0,0,0,0,0,0,0,0
15823,1,0,0,0,0,0,0,0,0,0
15832,1,0,0,0,0,0,0,0,0,0
15833,1,0,0,0,0,0,0,0,0,0
15834,1,0,0,0,0,0,0,0,0,0
15836,0,0,0,0,1,0,0,1,0,0
15840,0,0,0,0,0,1,0,0,0,0
15841,1,0,0,0,0,0,0,0,0,0
15842,0,0,0,0,1,0,0,0,0,0
15844,0,0,0,0,1,0,0,0,0,0
15845,0,0,0,0,1,0,0,1,0,1
15851,1,0,0,0,0,0,0,0,0,0
15852,1,0,0,0,0,0,0,0,0,0
15853,0,0,0,0,1,0,0,1,0,0
15856,0,0,0,0,1,0,0,0,0,1
15860,0,0,0,0,1,0,0,1,0,1
15861,0,1,0,0,0,0,0,0,0,0
15863,0,0,0,0,1,0,0,1,0,1
15864,0,0,0,0,1,0,0,1,0,0
15866,0,0,0,0,1,0,0,1,0,0
15867,1,0,0,0,0,0,0,0,0,0
15868,0,0,0,0,1,0,0,1,0,0
15869,0,0,0,0,1,0,0,1,0,0
15870,0,0,0,0,1,0,0,1,0,0
15871,0,0,0,0,1,0,0,0,0,1
15874,0,0,0,0,1,0,0,1,0,0
15875,0,0,0,0,1,0,0,1,0,1
15877,0,0,0,0,1,0,0,0,0,1
15878,1,0,0,0,0,0,0,0,0,0
15879,0,1,0,0,0,0,0,0,0,0
15881,1,0,0,0,0,0,0,0,0,0
15885,0,1,0,0,0,0,0,0,0,0
15886,1,0,0,0,0,0,0,0,0,0
15888,1,0,0,0,0,0,0,0,0,0
15889,1,0,0,0,0,0,0,0,0,0
15890,0,0,0,0,1,0,0,1,0,1
15892,0,1,0,0,0,0,0,0,0,0
15893,0,0,0,0,1,0,0,1,0,0
15894,0,1,0,0,0,0,0,0,0,0
15895,0,0,0,0,1,0,0,1,0,0
15896,1,0,0,0,0,0,0,0,0,0
15897,1,0,0,0,0,0,0,0,0,0
15898,0,1,0,0,0,0,0,0,0,0
15899,1,0,0,0,0,0,0,0,0,0
15900,0,1,0,0,0,0,0,0,0,0
15901,1,0,0,0,0,0,0,0,0,0
15902,1,0,0,0,0,0,0,0,0,0
15904,0,0,0,0,1,0,0,0,0,1
15906,0,0,0,0,1,0,0,1,0,1
15908,1,0,0,0,0,0,0,0,0,0
15909,1,0,0,0,0,0,0,0,0,0
15910,0,0,0,0,1,0,0,0,0,1
15911,0,0,0,0,1,0,0,1,0,1
15912,0,1,0,0,0,0,0,0,0,0
15913,1,0,0,0,0,0,0,0,0,0
15914,0,0,0,0,1,0,0,0,0,0
15916,0,0,0,0,1,0,0,1,0,0
15917,0,0,0,0,1,0,0,1,0,1
15918,0,1,0,0,0,0,0,0,0,0
15920,0,1,0,0,0,0,0,0,0,0
15927,0,0,0,0,1,0,0,1,0,0
15928,0,0,0,0,1,0,0,0,0,0
15930,1,0,0,0,0,0,0,0,0,0
15933,1,0,0,0,0,0,0,0,0,0
15934,1,0,0,0,0,0,0,0,0,0
15937,1,0,0,0,0,0,0,0,0,0
15939,0,0,0,1,0,0,0,0,0,0
15942,0,0,0,0,1,0,0,0,1,0
15944,1,0,0,0,0,0,0,0,0,0
15952,0,0,0,0,1,0,0,1,0,1
15956,0,1,0,0,0,0,0,0,0,0
15959,1,0,0,0,0,0,0,0,0,0
15961,0,1,0,0,0,0,0,0,0,0
15963,0,1,0,0,0,0,0,0,0,0
15964,0,0,0,1,0,0,0,0,0,0
15967,1,0,0,0,0,0,0,0,0,0
15968,0,1,0,0,0,0,0,0,0,0
15969,1,0,0,0,0,0,0,0,0,0
15970,0,1,0,0,0,0,0,0,0,0
15975,0,0,0,0,1,0,0,0,0,0
15979,1,0,0,0,0,0,0,0,0,0
15980,1,0,0,0,0,0,0,0,0,0
15981,1,0,0,0,0,0,0,0,0,0
15984,1,0,0,0,0,0,0,0,0,0
15985,1,0,0,0,0,0,0,0,0,0
15993,0,1,0,0,0,0,0,0,0,0
15995,0,1,0,0,0,0,0,0,0,0
15997,0,1,0,0,0,0,0,0,0,0
15999,0,0,0,0,1,0,0,0,0,1
16002,0,1,0,0,0,0,0,0,0,0
16003,1,0,0,0,0,0,0,0,0,0
16004,0,0,1,0,0,0,0,0,0,0
16005,0,0,0,1,0,0,0,0,0,0
16006,0,0,1,0,0,0,0,0,0,0
16007,0,1,0,1,0,0,0,0,0,0
16009,0,0,1,0,1,0,0,0,0,0
16012,0,0,0,0,1,0,0,0,0,1
16013,1,0,0,0,0,0,0,0,0,0
16014,0,0,0,0,1,0,0,0,1,0
16015,1,0,0,0,0,0,0,0,0,0
16016,1,0,0,0,0,0,0,0,0,0
16021,0,1,0,0,0,0,0,0,0,0
16022,1,0,0,0,0,0,0,0,0,0
16023,1,0,0,0,0,0,0,0,0,0
16026,0,1,0,0,0,0,0,0,0,0
16029,0,1,0,0,0,0,0,0,0,0
16030,1,0,0,0,0,0,0,0,0,0
16033,0,1,0,0,0,0,0,0,0,0
16037,0,1,0,0,0,0,0,0,0,0
16040,0,0,0,1,0,0,0,0,1,0
16041,0,1,0,0,0,0,0,0,0,0
16045,1,0,0,0,0,0,0,0,0,0
16052,0,0,0,0,0,1,0,0,0,0
16053,0,0,1,0,0,0,1,0,0,0
16055,1,0,0,0,0,0,0,0,0,0
16066,0,0,1,0,0,0,0,0,0,0
16067,0,0,1,0,0,0,0,0,0,0
16068,0,0,1,0,0,0,0,0,0,0
16069,0,0,1,0,0,0,0,0,0,0
16071,0,0,0,0,1,0,0,1,0,1
16072,0,0,1,0,0,0,1,0,0,0
16074,0,0,0,0,0,0,1,0,0,0
16075,0,0,0,0,0,0,1,0,0,0
16076,0,0,0,0,0,0,0,0,1,0
16077,0,0,0,1,0,0,0,0,0,0
16079,0,0,0,0,1,0,0,0,0,0
16083,0,0,0,0,0,0,1,0,0,0
16086,1,0,0,0,0,0,0,0,0,0
16088,0,0,0,0,0,1,0,0,0,0
16091,0,1,0,0,0,0,0,0,0,0
16094,0,0,0,0,0,1,0,0,0,0
16095,0,0,0,0,0,1,0,0,0,0
16096,0,0,0,0,0,0,1,0,0,0
16099,0,0,0,0,1,0,0,0,0,1
16106,0,0,1,0,0,0,0,0,0,0
16111,0,0,1,0,0,0,0,0,0,0
16112,1,0,0,0,0,0,0,0,0,0
16117,0,1,0,0,0,0,0,0,0,0
16118,0,0,0,0,0,1,0,0,0,0
16119,1,0,0,0,0,0,0,0,0,0
16120,0,0,0,0,0,0,1,0,0,0
16125,0,0,0,0,0,1,0,0,0,0
16126,0,0,0,0,0,1,0,0,0,0
16130,0,1,0,0,0,0,0,0,0,0
16133,0,0,1,0,0,0,0,0,0,0
16136,0,1,0,0,0,0,0,0,0,0
16139,0,0,0,0,0,1,0,0,0,0
16140,1,0,0,0,0,0,0,0,0,0
16141,1,0,0,0,0,0,0,0,0,0
16143,0,0,1,0,0,0,0,0,0,0
16144,0,0,0,0,1,0,0,1,0,0
16145,0,1,0,0,0,0,0,0,0,0
16147,0,0,0,0,1,0,0,0,0,1
16150,0,0,0,0,0,0,1,0,0,0
16152,0,1,0,0,0,0,0,0,0,0
16155,0,1,0,0,0,0,0,0,0,0
16159,0,1,0,0,0,0,0,0,0,0
16161,0,0,1,0,0,0,1,0,0,0
16163,0,1,0,0,0,0,0,0,0,0
16170,1,0,0,0,0,0,0,0,0,0
16172,1,0,0,0,0,0,0,0,0,0
16173,0,1,0,0,0,0,0,0,0,0
16175,1,0,0,0,0,0,0,0,0,0
16176,0,1,0,0,0,0,0,0,0,0
16177,0,0,1,0,0,0,0,0,0,0
16180,0,0,1,0,0,0,1,0,0,0
16188,0,0,1,0,0,0,0,0,0,0
16189,0,0,1,0,0,0,0,0,0,0
16190,0,0,1,0,0,1,0,0,0,0
16202,1,0,0,0,0,0,0,0,0,0
16203,0,1,0,0,0,0,0,0,0,0
16206,1,0,0,0,0,0,0,0,0,0
16207,1,0,0,0,0,0,0,0,0,0
16210,0,1,0,0,0,0,0,0,0,0
16211,0,1,0,0,0,0,0,0,0,0
16213,0,0,1,0,0,0,0,0,0,0
16214,0,0,0,0,0,0,1,0,0,0
16215,0,1,0,0,0,0,0,0,0,0
16216,0,1,0,0,0,0,0,0,0,0
16219,1,0,0,0,0,0,0,0,0,0
16221,1,0,0,0,0,0,0,0,0,0
16223,0,1,0,0,0,0,0,0,0,0
16228,1,0,0,0,0,0,0,0,0,0
16230,1,0,0,0,0,0,0,0,0,0
16232,0,1,0,0,0,0,0,0,0,0
16233,0,1,0,0,0,0,0,0,0,0
16234,1,0,0,0,0,0,0,0,0,0
16243,0,1,0,0,0,0,0,0,0,0
16244,1,0,0,0,0,0,0,0,0,0
16246,1,0,0,0,0,0,0,0,0,0
16247,0,1,0,0,0,0,0,0,0,0
16251,0,0,1,0,0,0,0,0,0,0
16252,1,0,0,0,0,0,0,0,0,0
16256,0,0,0,0,0,1,0,0,0,0
16257,0,0,0,0,0,1,0,0,0,0
16258,0,1,0,0,0,0,0,0,0,0
16260,1,0,0,0,0,0,0,0,0,0
16262,1,0,0,0,0,0,0,0,0,0
16263,1,0,0,0,0,0,0,0,0,0
16264,1,0,0,0,0,0,0,0,0,0
16265,0,0,0,0,1,0,0,0,0,0
16266,1,0,0,0,0,0,0,0,0,0
16269,1,0,0,0,0,0,0,0,0,0
16271,0,0,0,0,1,0,0,1,0,0
16274,0,0,0,0,0,0,1,0,0,0
16275,1,0,0,0,0,0,0,0,0,0
16277,0,1,0,0,0,0,0,0,0,0
16278,1,0,0,0,0,0,0,0,0,0
16283,1,0,0,0,0,0,0,0,0,0
16284,1,0,0,0,0,0,0,0,0,0
16285,0,0,1,0,0,0,0,0,0,0
16287,0,1,0,0,0,0,0,0,0,0
16288,1,0,0,0,0,0,0,0,0,0
16291,1,0,0,0,0,0,0,0,0,0
16294,1,0,0,0,0,0,0,0,0,0
16297,1,0,0,0,0,0,0,0,0,0
16298,0,0,0,0,0,0,1,0,0,0
16299,1,0,0,0,0,0,0,0,0,0
16300,1,0,0,0,0,0,0,0,0,0
16301,1,0,0,0,0,0,0,0,0,0
16302,0,1,0,0,0,0,0,0,0,0
16303,1,0,0,0,0,0,0,0,0,0
16304,0,0,0,0,0,0,1,0,0,0
16307,0,1,0,0,0,0,0,0,0,0
16311,1,0,0,0,0,0,0,0,0,0
16312,1,0,0,0,0,0,0,0,0,0
16315,1,0,0,0,0,0,0,0,0,0
16317,1,0,0,0,0,0,0,0,0,0
16319,1,0,0,0,0,0,0,0,0,0
16320,0,1,0,0,0,0,0,0,0,0
16324,1,0,0,0,0,0,0,0,0,0
16331,0,0,1,0,0,0,0,0,0,0
16332,0,1,0,0,0,0,0,0,0,0
16336,1,0,0,0,0,0,0,0,0,0
16337,1,0,0,0,0,0,0,0,0,0
16339,1,0,0,0,0,0,0,0,0,0
16342,1,0,0,0,0,0,0,0,0,0
16343,1,0,0,0,0,0,0,0,0,0
16346,1,0,0,0,0,0,0,0,0,0
16347,1,0,0,0,0,0,0,0,0,0
16348,1,0,0,0,0,0,0,0,0,0
16350,1,0,0,0,0,0,0,0,0,0
16354,1,0,0,0,0,0,0,0,0,0
16357,0,0,0,0,0,1,0,0,0,0
16359,0,0,0,0,1,0,0,0,0,0
16360,1,0,0,0,0,0,0,0,0,0
16363,1,0,0,0,0,0,0,0,0,0
16365,1,0,0,0,0,0,0,0,0,0
16366,0,0,0,1,0,0,0,0,1,0
16367,1,0,0,0,0,0,0,0,0,0
16369,1,0,0,0,0,0,0,0,0,0
16370,0,1,0,0,0,0,0,0,0,0
16371,1,0,0,0,0,0,0,0,0,0
16372,1,0,0,0,0,0,0,0,0,0
16374,1,0,0,0,0,0,0,0,0,0
16376,1,0,0,0,0,0,0,0,0,0
16377,1,0,0,0,0,0,0,0,0,0
16379,0,1,0,0,0,0,0,0,0,0
16380,1,0,0,0,0,0,0,0,0,0
16383,0,0,1,0,0,0,1,0,0,0
16385,1,0,0,0,0,0,0,0,0,0
16386,1,0,0,0,0,0,0,0,0,0
16388,1,0,0,0,0,0,0,0,0,0
16390,1,0,0,0,0,0,0,0,0,0
16392,1,0,0,0,0,0,0,0,0,0
16393,1,0,0,0,0,0,0,0,0,0
16394,1,0,0,0,0,0,0,0,0,0
16395,0,1,0,0,0,0,0,0,0,0
16396,1,0,0,0,0,0,0,0,0,0
16398,0,1,0,0,0,0,0,0,0,0
16399,1,0,0,0,0,0,0,0,0,0
16400,1,0,0,0,0,0,0,0,0,0
16401,1,0,0,0,0,0,0,0,0,0
16402,1,1,0,0,0,0,0,0,0,0
16403,0,1,0,0,0,0,0,0,0,0
16404,0,1,0,0,0,0,0,0,0,0
16405,1,0,0,0,0,0,0,0,0,0
16406,0,1,0,0,0,0,0,0,0,0
16407,0,0,0,0,0,0,1,0,0,0
16409,0,1,0,0,0,0,0,0,0,0
16410,1,0,0,0,0,0,0,0,0,0
16417,1,0,0,0,0,0,0,0,0,0
16418,1,0,0,0,0,0,0,0,0,0
16419,0,1,0,0,0,0,0,0,0,0
16420,0,1,0,0,0,0,0,0,0,0
16421,1,0,0,0,0,0,0,0,0,0
16422,1,0,0,0,0,0,0,0,0,0
16424,1,0,0,0,0,0,0,0,0,0
16426,1,0,0,0,0,0,0,0,0,0
16427,0,1,0,0,0,0,0,0,0,0
16428,1,0,0,0,0,0,0,0,0,0
16429,0,0,0,1,0,0,0,0,0,0
16430,1,0,0,0,0,0,0,0,0,0
16432,1,0,0,0,0,0,0,0,0,0
16434,1,0,0,0,0,0,0,0,0,0
16437,1,0,0,0,0,0,0,0,0,0
16438,0,0,0,1,0,0,0,0,0,0
16440,1,0,0,0,0,0,0,0,0,0
16441,1,0,0,0,0,0,0,0,0,0
16442,0,0,0,0,0,1,0,0,0,0
16443,0,1,0,0,0,0,0,0,0,0
16444,0,1,0,0,0,0,0,0,0,0
16448,1,0,0,0,0,0,0,0,0,0
16449,0,1,0,0,0,0,0,0,0,0
16450,0,1,0,0,0,0,0,0,0,0
16454,1,0,0,0,0,0,0,0,0,0
16457,0,1,0,0,0,0,0,0,0,0
16458,1,0,0,0,0,0,0,0,0,0
16459,0,1,0,0,0,0,0,0,0,0
16460,0,1,0,0,0,0,0,0,0,0
16461,1,0,0,0,0,0,0,0,0,0
16463,0,1,0,0,0,0,0,0,0,0
16465,0,1,0,0,0,0,0,0,0,0
16468,1,0,0,0,0,0,0,0,0,0
16469,1,0,0,0,0,0,0,0,0,0
16470,1,0,0,0,0,0,0,0,0,0
16471,1,0,0,0,0,0,0,0,0,0
16472,1,0,0,0,0,0,0,0,0,0
16473,1,0,0,0,0,0,0,0,0,0
16475,0,1,0,0,0,0,0,0,0,0
16476,1,0,0,0,0,0,0,0,0,0
16478,1,0,0,0,0,0,0,0,0,0
16479,0,1,0,0,0,0,0,0,0,0
16480,1,0,0,0,0,0,0,0,0,0
16481,1,0,0,0,0,0,0,0,0,0
16483,1,1,0,0,0,0,0,0,0,0
16486,1,0,0,0,0,0,0,0,0,0
16487,1,0,0,0,0,0,0,0,0,0
16488,1,0,0,0,0,0,0,0,0,0
16490,1,0,0,0,0,0,0,0,0,0
16492,1,0,0,0,0,0,0,0,0,0
16493,0,1,0,0,0,0,0,0,0,0
16495,1,0,0,0,0,0,0,0,0,0
16496,1,0,0,0,0,0,0,0,0,0
16502,1,0,0,0,0,0,0,0,0,0
16505,0,0,0,0,0,1,0,0,0,0
16510,0,1,0,0,0,0,0,0,0,0
16512,0,1,0,0,0,0,0,0,0,0
16513,0,1,0,0,0,0,0,0,0,0
16518,1,0,0,0,0,0,0,0,0,0
16519,0,1,0,0,0,0,0,0,0,0
16521,0,1,0,0,0,0,0,0,0,0
16522,1,0,0,0,0,0,0,0,0,0
16523,0,1,0,0,0,0,0,0,0,0
16525,0,0,0,0,1,0,0,1,0,1
16527,1,0,0,0,0,0,0,0,0,0
16530,1,0,0,0,0,0,0,0,0,0
16531,0,1,0,0,0,0,0,0,0,0
16533,1,0,0,0,0,0,0,0,0,0
16538,1,0,0,0,0,0,0,0,0,0
16539,1,0,0,0,0,0,0,0,0,0
16545,1,0,0,0,0,0,0,0,0,0
16546,1,0,0,0,0,0,0,0,0,0
16549,1,0,0,0,0,0,0,0,0,0
16551,1,0,0,0,0,0,0,0,0,0
16554,1,0,0,0,0,0,0,0,0,0
16555,0,1,0,0,0,0,0,0,0,0
16561,1,0,0,0,0,0,0,0,0,0
16563,0,1,0,0,0,0,0,0,0,0
16565,0,0,1,0,0,0,1,0,0,0
16568,1,0,0,0,0,0,0,0,0,0
16569,1,0,0,0,0,0,0,0,0,0
16570,0,1,0,0,0,0,0,0,0,0
16574,1,0,0,0,0,0,0,0,0,0
16577,0,1,0,0,0,0,0,0,0,0
16583,0,1,0,0,0,0,0,0,0,0
16584,1,0,0,0,0,0,0,0,0,0
16585,1,0,0,0,0,0,0,0,0,0
16587,1,0,0,0,0,0,0,0,0,0
16588,1,0,0,0,0,0,0,0,0,0
16590,1,0,0,0,0,0,0,0,0,0
16591,0,1,0,0,0,0,0,0,0,0
16592,1,0,0,0,0,0,0,0,0,0
16593,0,0,0,1,0,0,0,0,0,0
16597,0,1,0,0,0,0,0,0,0,0
16598,1,0,0,0,0,0,0,0,0,0
16599,1,0,0,0,0,0,0,0,0,0
16600,1,0,0,0,0,0,0,0,0,0
16601,0,0,0,0,1,0,0,0,0,0
16602,1,0,0,0,0,0,0,0,0,0
16606,1,0,0,0,0,0,0,0,0,0
16607,0,0,0,1,0,0,0,0,0,0
16608,1,0,0,0,0,0,0,0,0,0
16610,1,0,0,0,0,0,0,0,0,0
16611,1,0,0,0,0,0,0,0,0,0
16615,1,0,0,0,0,0,0,0,0,0
16619,1,0,0,0,0,0,0,0,0,0
16621,0,1,0,0,0,0,0,0,0,0
16622,0,1,0,0,0,0,0,0,0,0
16623,1,0,0,0,0,0,0,0,0,0
16624,0,0,0,0,1,0,0,0,0,1
16625,1,0,0,0,0,0,0,0,0,0
16626,1,0,0,0,0,0,0,0,0,0
16628,1,0,0,0,0,0,0,0,0,0
16633,1,0,0,0,0,0,0,0,0,0
16635,1,0,0,0,0,0,0,0,0,0
16636,0,0,0,1,0,0,0,0,0,0
16638,1,0,0,0,0,0,0,0,0,0
16641,1,0,0,0,0,0,0,0,0,0
16642,1,0,0,0,0,0,0,0,0,0
16644,1,0,0,0,0,0,0,0,0,0
16645,1,0,0,0,0,0,0,0,0,0
16646,0,1,0,0,0,0,0,0,0,0
16648,0,1,0,0,0,0,0,0,0,0
16649,0,0,0,1,0,0,0,0,0,0
16651,0,0,0,1,0,0,0,0,0,0
16652,0,1,0,0,0,0,0,0,0,0
16653,1,0,0,0,0,0,0,0,0,0
16654,1,0,0,0,0,0,0,0,0,0
16655,1,0,0,0,0,0,0,0,0,0
16656,0,1,0,0,0,0,0,0,0,0
16658,0,0,0,1,0,0,0,0,0,0
16662,1,0,0,0,0,0,0,0,0,0
16663,0,1,0,0,0,0,0,0,0,0
16664,1,0,0,0,0,0,0,0,0,0
16665,1,0,0,0,0,0,0,0,0,0
16667,0,1,0,0,0,0,0,0,0,0
16668,1,0,0,0,0,0,0,0,0,0
16670,1,0,0,0,0,0,0,0,0,0
16672,1,0,0,0,0,0,0,0,0,0
16675,0,1,0,0,0,0,0,0,0,0
16676,0,1,0,0,0,0,0,0,0,0
16677,0,1,0,0,0,0,0,0,0,0
16678,1,0,0,0,0,0,0,0,0,0
16679,1,0,0,0,0,0,0,0,0,0
16680,0,1,0,0,0,0,0,0,0,0
16681,0,0,0,0,0,0,1,0,0,0
16684,0,1,0,0,0,0,0,0,0,0
16685,0,1,0,0,0,0,0,0,0,0
16687,1,0,0,0,0,0,0,0,0,0
16688,0,1,0,0,0,0,0,0,0,0
16695,0,1,0,0,0,0,0,0,0,0
16698,1,0,0,0,0,0,0,0,0,0
16700,0,1,0,0,0,0,0,0,0,0
16705,1,0,0,0,0,0,0,0,0,0
16707,0,1,0,0,0,0,0,0,0,0
16708,1,0,0,0,0,0,0,0,0,0
16710,0,0,0,1,0,0,0,0,0,0
16711,1,0,0,0,0,0,0,0,0,0
16714,0,1,0,0,0,0,0,0,0,0
16715,1,0,0,0,0,0,0,0,0,0
16717,1,0,0,0,0,0,0,0,0,0
16718,0,1,0,0,0,0,0,0,0,0
16719,1,0,0,0,0,0,0,0,0,0
16723,0,0,0,1,0,0,0,0,0,0
16725,1,0,0,0,0,0,0,0,0,0
16726,1,0,0,0,0,0,0,0,0,0
16727,0,1,0,0,0,0,0,0,0,0
16734,0,1,0,0,0,0,0,0,0,0
16735,1,0,0,0,0,0,0,0,0,0
16737,0,1,0,0,0,0,0,0,0,0
16739,0,0,0,1,0,0,0,0,0,0
16743,0,0,1,0,0,0,0,0,0,0
16744,0,0,1,0,0,0,0,0,0,0
16745,0,0,0,0,0,1,0,0,0,0
16747,0,1,0,0,0,0,0,0,0,0
16751,0,0,0,0,1,0,0,0,0,1
16753,0,0,0,0,1,0,0,0,0,0
16754,0,0,1,0,0,0,0,0,0,0
16761,0,1,0,0,0,0,0,0,0,0
16762,0,0,0,1,0,0,0,0,0,0
16763,0,0,0,0,1,1,0,0,0,0
16765,0,0,0,0,1,0,0,0,0,1
16766,0,0,0,0,0,1,0,0,0,0
16770,0,0,1,0,0,0,0,0,0,0
16774,0,0,0,0,0,1,0,0,0,0
16775,0,0,0,0,0,1,0,0,0,0
16777,0,0,0,0,0,1,0,0,0,0
16784,0,0,0,0,0,1,0,0,0,0
16787,0,0,0,0,0,1,0,0,0,0
16788,0,0,0,0,0,1,0,0,0,0
16790,0,0,0,0,1,1,0,0,0,0
16792,1,0,0,0,0,0,0,0,0,0
16794,0,0,0,0,0,1,0,0,0,0
16795,1,0,0,0,0,0,0,0,0,0
16796,0,1,0,0,0,0,0,0,0,0
16797,1,0,0,0,0,0,0,0,0,0
16798,1,0,0,0,0,0,0,0,0,0
16799,1,0,0,0,0,0,0,0,0,0
16800,1,0,0,0,0,0,0,0,0,0
16801,1,0,0,0,0,0,0,0,0,0
16802,1,0,0,0,0,0,0,0,0,0
16803,1,0,0,0,0,0,0,0,0,0
16804,1,0,0,0,0,0,0,0,0,0
16806,1,0,0,0,0,0,0,0,0,0
16807,1,0,0,0,0,0,0,0,0,0
16808,1,0,0,0,0,0,0,0,0,0
16809,1,0,0,0,0,0,0,0,0,0
16810,1,0,0,0,0,0,0,0,0,0
16811,0,1,0,0,0,0,0,0,0,0
16812,1,0,0,0,0,0,0,0,0,0
16813,1,0,0,0,0,0,0,0,0,0
16814,1,0,0,0,0,0,0,0,0,0
16815,1,0,0,0,0,0,0,0,0,0
16816,1,0,0,0,0,0,0,0,0,0
16817,1,0,0,0,0,0,0,0,0,0
16818,1,0,0,0,0,0,0,0,0,0
16819,1,0,0,0,0,0,0,0,0,0
16824,1,0,0,0,0,0,0,0,0,0
16825,1,0,0,0,0,0,0,0,0,0
16826,1,0,0,0,0,0,0,0,0,0
16833,0,1,0,0,0,0,0,0,0,0
16834,1,0,0,0,0,0,0,0,0,0
16835,1,0,0,0,0,0,0,0,0,0
16836,1,0,0,0,0,0,0,0,0,0
16837,1,0,0,0,0,0,0,0,0,0
16838,1,0,0,0,0,0,0,0,0,0
16839,1,0,0,0,0,0,0,0,0,0
16848,1,0,0,0,0,0,0,0,0,0
16850,1,0,0,0,0,0,0,0,0,0
16851,0,1,0,0,0,0,0,0,0,0
16852,0,0,0,0,0,0,1,0,0,0
16856,0,0,0,0,0,1,0,0,0,0
16858,1,0,0,0,0,0,0,0,0,0
16865,1,0,0,0,0,0,0,0,0,0
16871,0,0,0,0,0,1,0,0,0,0
16872,0,1,0,0,0,0,0,0,0,0
16873,0,1,0,0,0,0,0,0,0,0
16874,0,1,0,0,0,0,0,0,0,0
16875,0,1,0,0,0,0,0,0,0,0
16884,1,0,0,0,0,0,0,0,0,0
16885,1,0,0,0,0,0,0,0,0,0
16886,1,0,0,0,0,0,0,0,0,0
16888,1,0,0,0,0,0,0,0,0,0
16890,1,0,0,0,0,0,0,0,0,0
16893,1,0,0,0,0,0,0,0,0,0
16903,0,0,1,0,0,0,0,0,0,0
16909,1,0,0,0,0,0,0,0,0,0
16910,1,0,0,0,0,0,0,0,0,0
16911,1,0,0,0,0,0,0,0,0,0
16912,1,0,0,0,0,0,0,0,0,0
16913,1,0,0,0,0,0,0,0,0,0
16916,1,0,0,0,0,0,0,0,0,0
16917,0,1,0,0,0,0,0,0,0,0
16918,1,0,0,0,0,0,0,0,0,0
16921,1,0,0,0,0,0,0,0,0,0
16922,0,1,0,0,0,0,0,0,0,0
16923,0,1,0,0,0,0,0,0,0,0
16925,0,1,0,0,0,0,0,0,0,0
16926,0,0,0,0,0,1,0,0,0,0
16929,0,0,0,0,0,1,0,0,0,0
16932,0,0,0,0,0,1,0,0,0,0
17031,1,0,0,0,0,0,0,0,0,0
17032,1,0,0,0,0,0,0,0,0,0
17034,1,0,0,0,0,0,0,0,0,0
17035,1,0,0,0,0,0,0,0,0,0
17037,1,0,0,0,0,0,0,0,0,0
17039,0,1,0,0,0,0,0,0,0,0
17041,0,0,1,0,0,0,0,0,0,0
17044,0,0,1,0,0,0,0,0,0,0
17046,0,1,0,0,0,0,0,0,0,0
17047,0,0,1,0,0,0,0,0,0,0
17048,0,1,0,0,0,0,0,0,0,0
17051,0,0,0,0,0,0,1,0,0,0
17052,0,0,0,0,0,0,1,0,0,0
17053,0,1,0,0,0,0,0,0,0,0
17054,0,0,0,1,0,0,0,0,0,0
17436,0,0,0,0,0,0,0,0,1,0
17440,1,0,0,0,0,0,0,0,0,0
17443,0,0,0,0,1,0,0,0,0,0
17445,0,0,0,0,0,0,1,0,0,0
17448,0,0,0,0,0,0,1,0,0,0
17449,0,0,0,0,0,1,0,0,0,0
17452,0,0,0,0,0,1,0,0,0,0
17462,0,0,0,0,0,0,0,0,1,0
17470,0,0,0,0,0,0,1,0,0,0
17478,0,0,0,1,0,0,0,0,0,0
17479,0,1,0,0,0,0,0,0,0,0
17481,0,1,0,0,0,0,0,0,0,0
17484,0,1,0,0,0,0,0,0,0,0
17487,0,1,0,0,0,0,0,0,0,0
17488,0,1,0,0,0,0,0,0,0,0
17489,1,0,0,0,0,0,0,0,0,0
17491,0,1,0,0,0,0,0,0,0,0
17492,0,0,0,0,0,0,0,0,1,0
17493,0,1,0,0,0,0,0,0,0,0
17501,0,1,0,0,0,0,0,0,0,0
17502,0,1,0,0,0,0,0,0,0,0
17503,0,0,0,0,1,0,0,1,0,1
17506,0,1,0,0,0,0,0,0,0,0
17507,0,1,0,0,0,0,0,0,0,0
17509,0,0,0,0,1,0,0,0,0,1
17511,0,0,0,0,0,1,0,0,0,0
17513,0,1,0,0,0,0,0,0,0,0
17516,0,0,0,1,0,0,0,0,0,0
17518,0,1,0,0,0,0,0,0,0,0
17519,0,0,0,1,0,0,0,0,0,0
17521,0,0,0,0,1,0,0,1,0,0
17523,0,0,1,0,0,0,0,0,0,0
17529,0,1,0,0,0,0,0,0,0,0
17534,0,1,0,0,0,0,0,0,0,0
17538,0,1,0,0,0,0,0,0,0,0
17540,0,1,0,0,0,0,0,0,0,0
17543,1,0,0,0,0,0,0,0,0,0
17544,1,0,0,0,0,0,0,0,0,0
17545,1,0,0,0,0,0,0,0,0,0
17547,1,0,0,0,0,0,0,0,0,0
17551,0,1,0,0,0,0,0,0,0,0
17554,1,0,0,0,0,0,0,0,0,0
17556,1,0,0,0,0,0,0,0,0,0
17558,1,0,0,0,0,0,0,0,0,0
17559,0,1,0,0,0,0,0,0,0,0
17562,0,1,0,0,0,0,0,0,0,0
17567,0,1,0,0,0,0,0,0,0,0
17569,0,1,0,0,0,0,0,0,0,0
17573,0,1,0,0,0,0,0,0,0,0
17574,0,1,0,0,0,0,0,0,0,0
17576,0,1,0,0,0,0,0,0,0,0
17577,0,0,1,0,0,0,1,0,0,0
17579,0,1,0,0,0,0,0,0,0,0
17580,0,1,0,0,0,0,0,0,0,0
17584,0,0,0,1,0,0,0,0,0,0
17585,0,1,0,0,0,0,0,0,0,0
17589,0,1,0,0,0,0,0,0,0,0
17593,0,0,0,0,0,0,1,0,0,0
17595,0,1,0,0,0,0,0,0,0,0
17596,0,1,0,0,0,0,0,0,0,0
17597,0,1,0,0,0,0,0,0,0,0
17601,0,1,0,0,0,0,0,0,0,0
17607,1,0,0,0,0,0,0,0,0,0
17612,0,1,0,0,0,0,0,0,0,0
17616,1,0,0,0,0,0,0,0,0,0
17617,1,0,0,0,0,0,0,0,0,0
17618,0,0,0,1,0,0,0,0,0,0
17619,1,0,0,0,0,0,0,0,0,0
17620,0,0,1,0,0,0,1,0,0,0
17625,0,1,0,0,0,0,0,0,0,0
17630,1,0,0,0,0,0,0,0,0,0
17640,0,1,0,0,0,0,0,0,0,0
17643,0,1,0,0,0,0,0,0,0,0
17644,0,1,0,0,0,0,0,0,0,0
17651,0,1,0,0,0,0,0,0,0,0
17652,0,1,0,0,0,0,0,0,0,0
17655,1,0,0,0,0,0,0,0,0,0
17658,0,0,0,1,0,0,0,0,0,0
17659,0,1,0,0,0,0,0,0,0,0
17660,1,0,0,0,0,0,0,0,0,0
17661,1,0,0,0,0,0,0,0,0,0
17662,0,0,0,0,1,0,0,1,0,0
17666,0,1,0,0,0,0,0,0,0,0
17669,0,0,0,1,0,0,0,0,0,0
17670,0,0,0,0,0,1,0,0,0,0
17671,0,1,0,0,0,0,0,0,0,0
17672,1,0,0,0,0,0,0,0,0,0
17673,0,1,0,0,0,0,0,0,0,0
17677,0,1,0,0,0,0,0,0,0,0
17682,0,1,0,0,0,0,0,0,0,0
17683,0,1,0,0,0,0,0,0,0,0
17685,1,0,0,0,0,0,0,0,0,0
17687,0,1,0,0,0,0,0,0,0,0
17688,0,1,0,0,0,0,0,0,0,0
17694,0,1,0,0,0,0,0,0,0,0
17700,0,1,0,0,0,0,0,0,0,0
17701,0,1,0,0,0,0,0,0,0,0
17703,1,0,0,0,0,0,0,0,0,0
17706,0,1,0,0,0,0,0,0,0,0
17710,0,1,0,0,0,0,0,0,0,0
17712,1,0,0,0,0,0,0,0,0,0
17716,0,1,0,0,0,0,0,0,0,0
17719,0,1,0,0,0,0,0,0,0,0
17722,0,0,0,0,1,0,0,1,0,1
17723,0,1,0,0,0,0,0,0,0,0
17727,0,1,0,0,0,0,0,0,0,0
17728,0,1,0,0,0,0,0,0,0,0
17738,0,1,0,0,0,0,0,0,0,0
17742,0,0,1,0,0,0,0,0,0,0
17743,0,1,0,0,0,0,0,0,0,0
17746,0,1,0,0,0,0,0,0,0,0
17748,0,0,1,0,0,0,0,0,0,0
17749,0,1,0,0,0,0,0,0,0,0
17750,0,0,0,1,0,0,0,0,1,0
17751,1,0,0,0,0,0,0,0,0,0
17752,0,1,0,0,0,0,0,0,0,0
17753,1,0,0,0,0,0,0,0,0,0
17755,0,0,0,0,1,0,0,1,0,0
17757,0,0,0,1,0,0,0,0,0,0
17758,0,0,0,0,0,0,1,0,0,0
17760,0,1,0,0,0,0,0,0,0,0
17762,0,1,0,0,0,0,0,0,0,0
17763,0,1,0,0,0,0,0,0,0,0
17766,0,1,0,0,0,0,0,0,0,0
17767,0,0,0,0,1,0,0,0,0,0
17769,0,0,0,0,1,0,0,0,0,0
17770,0,1,0,0,0,0,0,0,0,0
17771,0,0,0,1,0,0,0,0,0,0
17773,1,0,0,0,0,0,0,0,0,0
17775,0,1,0,0,0,0,0,0,0,0
17776,0,1,0,0,0,0,0,0,0,0
17777,0,1,0,0,0,0,0,0,0,0
17780,0,0,0,1,0,0,0,0,0,0
17782,0,1,0,0,0,0,0,0,0,0
17784,0,1,0,0,0,0,0,0,0,0
17785,0,1,0,0,0,0,0,0,0,0
17787,0,1,0,0,0,0,0,0,0,0
17788,1,0,0,0,0,0,0,0,0,0
17791,1,0,0,0,0,0,0,0,0,0
17792,0,1,0,0,0,0,0,0,0,0
17795,1,0,0,0,0,0,0,0,0,0
17798,0,1,0,0,0,0,0,0,0,0
17802,1,0,0,0,0,0,0,0,0,0
17808,1,0,0,0,0,0,0,0,0,0
17809,0,1,0,0,0,0,0,0,0,0
17810,0,1,0,0,0,0,0,0,0,0
17811,1,0,0,0,0,0,0,0,0,0
17812,0,1,0,0,0,0,0,0,0,0
17813,0,0,0,1,0,0,0,0,0,0
17816,0,0,0,1,0,0,0,0,0,0
17822,0,1,0,0,0,0,0,0,0,0
17825,0,1,0,0,0,0,0,0,0,0
17827,0,1,0,0,0,0,0,0,0,0
17834,1,0,0,0,0,0,0,0,0,0
17835,0,1,0,0,0,0,0,0,0,0
17837,0,1,0,0,0,0,0,0,0,0
17839,0,1,0,0,0,0,0,0,0,0
17847,0,1,0,0,0,0,0,0,0,0
17848,1,0,0,0,0,0,0,0,0,0
17849,0,1,0,0,0,0,0,0,0,0
17853,0,1,0,0,0,0,0,0,0,0
17857,0,1,0,0,0,0,0,0,0,0
17860,0,1,0,0,0,0,0,0,0,0
17863,0,1,0,0,0,0,0,0,0,0
17864,0,1,0,0,0,0,0,0,0,0
17866,0,1,0,0,0,0,0,0,0,0
17867,0,1,0,0,0,0,0,0,0,0
17871,0,0,1,0,0,1,0,0,0,0
17872,0,1,0,0,0,0,0,0,0,0
17873,0,1,0,0,0,0,0,0,0,0
17875,0,0,0,1,0,0,0,0,0,0
17876,0,1,0,0,0,0,0,0,0,0
17877,0,0,1,0,0,0,0,0,0,0
17881,0,0,0,0,0,0,1,0,0,0
17883,0,0,0,0,0,0,1,0,0,0
17886,0,1,0,1,0,0,0,0,0,0
17887,1,0,0,0,0,0,0,0,0,0
17888,0,0,0,1,0,0,0,0,1,0
17892,0,0,0,1,0,0,0,0,0,0
17899,0,0,0,0,0,0,1,0,0,0
17900,1,0,0,0,0,0,0,0,0,0
17901,1,0,0,0,0,0,0,0,0,0
17907,0,1,0,0,0,0,0,0,0,0
17911,0,1,0,0,0,0,0,0,0,0
17913,0,1,0,1,0,0,0,0,0,0
17915,0,0,1,0,0,0,0,0,0,0
17922,1,0,0,0,0,0,0,0,0,0
17924,0,0,0,0,0,1,0,0,0,0
17925,0,0,0,0,0,0,0,0,1,0
17926,0,0,0,0,0,1,0,0,0,0
17929,0,0,0,1,0,0,0,0,0,0
17930,0,0,1,0,0,0,0,0,0,0
17939,0,0,0,0,0,0,1,0,0,0
17943,0,0,0,0,0,0,1,0,0,0
17948,0,0,0,0,0,1,0,0,0,0
17950,0,1,0,0,0,0,0,0,0,0
17952,0,0,1,0,0,0,0,0,0,0
17955,0,0,0,0,1,0,0,1,1,0
17956,0,1,0,0,0,0,0,0,0,0
17957,0,1,0,0,0,0,0,0,0,0
17958,0,1,0,0,0,0,0,0,0,0
17960,0,1,0,0,0,0,0,0,0,0
17962,0,0,0,0,1,0,0,1,0,0
17963,0,0,0,1,0,0,0,0,0,0
17964,1,0,0,0,0,0,0,0,0,0
17965,1,0,0,0,0,0,0,0,0,0
17966,0,0,0,0,0,0,1,0,0,0
17967,1,0,0,0,0,0,0,0,0,0
17968,0,1,0,0,0,0,0,0,0,0
17972,1,0,0,0,0,0,0,0,0,0
17973,0,1,0,0,0,0,0,0,0,0
17975,1,0,0,0,0,0,0,0,0,0
17978,0,1,0,0,0,0,0,0,0,0
17979,0,0,0,0,0,0,0,0,1,0
17980,0,0,1,0,0,0,0,0,0,0
17981,0,1,0,0,0,0,0,0,0,0
17984,0,1,0,0,0,0,0,0,0,0
17986,0,1,0,0,0,0,0,0,0,0
17988,1,0,0,0,0,0,0,0,0,0
17993,0,1,0,0,0,0,0,0,0,0
18010,0,0,1,0,0,0,0,0,0,0
18011,0,0,0,0,0,0,1,0,0,0
18012,0,0,1,0,0,0,0,0,0,0
18017,0,1,0,0,0,0,0,0,0,0
18024,0,0,0,0,1,0,0,0,0,0
18028,1,0,0,0,0,0,0,0,0,0
18029,0,1,0,0,0,0,0,0,0,0
18035,0,0,0,0,1,0,0,0,0,1
18036,0,1,0,0,0,0,0,0,0,0
18037,0,1,0,0,0,0,0,0,0,0
18038,0,1,0,0,0,0,0,0,0,0
18040,0,1,0,0,0,0,0,0,0,0
18048,1,0,0,0,0,0,0,0,0,0
18050,0,0,1,0,0,0,0,0,0,0
18051,0,0,1,0,0,0,1,0,0,0
18052,1,0,0,0,0,0,0,0,0,0
18061,0,0,0,0,0,1,0,0,0,0
18062,1,0,0,0,0,0,0,0,0,0
18065,1,0,0,0,0,0,0,0,0,0
18066,0,0,0,1,0,0,0,0,0,0
18068,1,0,0,0,0,0,0,0,0,0
18071,0,1,0,0,0,0,0,0,0,0
18075,0,1,0,0,0,0,0,0,0,0
18079,0,1,0,0,0,0,0,0,0,0
18080,0,1,0,0,0,0,0,0,0,0
18085,0,0,0,1,0,0,0,0,0,0
18086,0,0,1,0,0,0,1,0,0,0
18096,1,0,0,0,0,0,0,0,0,0
18101,0,1,0,0,0,0,0,0,0,0
18104,0,0,0,0,0,1,0,0,0,0
18106,0,0,0,0,0,0,1,0,0,0
18108,0,0,0,1,0,0,0,0,0,0
18111,0,1,0,0,0,0,0,0,0,0
18120,1,0,0,0,0,0,0,0,0,0
18128,0,0,0,0,0,0,0,0,1,0
18135,0,1,0,0,0,0,0,0,0,0
18136,0,0,1,0,0,0,0,0,0,0
18138,0,1,0,0,0,0,0,0,0,0
18142,0,0,1,0,0,0,1,0,0,0
18145,0,1,0,0,0,0,0,0,0,0
18146,0,0,0,1,0,0,0,0,0,0
18148,0,0,0,0,0,1,0,0,0,0
18149,0,1,0,0,0,0,0,0,0,0
18152,1,0,0,0,0,0,0,0,0,0
18155,1,0,0,0,0,0,0,0,0,0
18157,0,1,0,0,0,0,0,0,0,0
18158,1,0,0,0,0,0,0,0,0,0
18160,0,0,0,0,0,0,0,0,1,0
18166,1,0,0,0,0,0,0,0,0,0
18180,1,0,0,0,0,0,0,0,0,0
18182,0,1,0,0,0,0,0,0,0,0
18185,0,0,1,0,0,0,1,0,0,0
18186,0,0,0,1,0,0,0,0,0,0
18187,0,1,0,0,0,0,0,0,0,0
18188,0,1,0,0,0,0,0,0,0,0
18205,0,1,0,0,0,0,0,0,0,0
18210,0,1,0,0,0,0,0,0,0,0
18213,0,0,0,1,0,0,0,0,1,0
18223,0,1,0,0,0,0,0,0,0,0
18229,0,1,0,0,0,0,0,0,0,0
18231,0,0,0,0,0,0,0,0,1,0
18232,0,1,0,0,0,0,0,0,0,0
18234,0,0,0,1,0,0,0,0,0,0
18236,0,1,0,0,0,0,0,0,0,0
18238,0,1,0,0,0,0,0,0,0,0
18239,0,1,0,0,0,0,0,0,0,0
18242,1,0,0,0,0,0,0,0,0,0
18243,1,0,0,0,0,0,0,0,0,0
18249,1,0,0,0,0,0,0,0,0,0
18252,0,1,0,0,0,0,0,0,0,0
18257,0,0,0,0,0,1,0,0,0,0
18258,1,0,0,0,0,0,0,0,0,0
18263,0,0,0,0,1,0,0,0,0,0
18271,0,0,0,0,0,0,0,0,1,0
18275,0,0,0,0,1,0,0,1,0,0
18283,1,0,0,0,0,0,0,0,0,0
18294,1,0,0,0,0,0,0,0,0,0
18297,0,0,0,0,1,0,0,1,0,0
18300,0,1,0,0,0,0,0,0,0,0
18302,0,0,0,0,0,1,0,0,0,0
18303,1,0,0,0,0,0,0,0,0,0
18306,0,0,0,0,1,0,0,0,0,0
18307,1,0,0,0,0,0,0,0,0,0
18308,1,0,0,0,0,0,0,0,0,0
18309,1,0,0,0,0,0,0,0,0,0
18311,0,0,0,1,0,0,0,0,0,0
18313,0,1,0,0,0,0,0,0,0,0
18317,0,1,0,0,0,0,0,0,0,0
18325,0,1,0,1,0,0,0,0,0,0
18326,1,0,0,0,0,0,0,0,0,0
18328,0,0,0,0,0,0,0,0,1,0
18329,0,0,0,1,0,0,0,0,1,0
18332,0,0,0,1,0,0,0,0,0,0
18334,0,1,0,0,0,0,0,0,0,0
18336,0,1,0,0,0,0,0,0,0,0
18340,0,0,0,1,0,0,0,0,1,0
18342,0,1,0,0,0,0,0,0,0,0
18345,0,0,0,0,1,0,0,1,0,0
18347,0,0,0,0,0,1,0,0,0,0
18351,0,1,0,0,0,0,0,0,0,0
18354,1,0,0,0,0,0,0,0,0,0
18355,1,0,0,0,0,0,0,0,0,0
18357,0,0,0,0,0,0,0,0,1,0
18360,0,0,1,0,0,0,0,0,0,0
18362,0,0,0,0,0,0,1,0,0,0
18363,0,0,1,0,0,0,0,0,0,0
18370,0,0,1,0,0,0,0,0,0,0
18465,0,0,0,0,0,0,1,0,0,0
18467,0,1,0,0,0,0,0,0,0,0
18470,0,0,0,0,0,0,0,0,1,0
18472,0,0,0,0,0,1,0,0,0,0
18476,0,1,0,0,0,0,0,0,0,0
18479,0,1,0,0,0,0,0,0,0,0
18481,1,0,0,0,0,0,0,0,0,0
18482,0,0,0,0,1,0,0,0,0,1
18483,1,0,0,0,0,0,0,0,0,0
18488,0,0,0,0,0,0,1,0,0,0
18493,0,0,0,1,0,0,0,0,0,0
18495,1,0,0,0,0,0,0,0,0,0
18496,0,0,0,0,0,1,0,0,0,0
18497,1,0,0,0,0,0,0,0,0,0
18504,0,1,0,0,0,0,0,0,0,0
18514,1,0,0,0,0,0,0,0,0,0
18519,0,0,0,0,0,1,0,0,0,0
18520,0,0,0,0,0,0,1,0,0,0
18521,0,0,0,1,0,0,0,0,1,0
18523,0,0,0,1,0,0,0,0,0,0
18530,0,1,0,0,0,0,0,0,0,0
18538,0,0,0,0,0,0,1,0,0,0
18549,0,0,0,0,0,0,1,0,0,0
18554,0,0,0,0,0,1,0,0,0,0
18563,1,0,0,0,0,0,0,0,0,0
18564,0,0,0,0,0,0,1,0,0,0
18566,0,1,0,0,0,0,0,0,0,0
18567,0,1,0,0,0,0,0,0,0,0
18569,0,1,0,0,0,0,0,0,0,0
18570,0,1,0,0,0,0,0,0,0,0
18571,0,0,0,0,0,0,0,0,1,0
18575,0,1,0,0,0,0,0,0,0,0
18576,0,1,0,0,0,0,0,0,0,0
18577,0,1,0,0,0,0,0,0,0,0
18585,0,1,0,0,0,0,0,0,0,0
18590,0,1,0,0,0,0,0,0,0,0
18591,1,0,0,0,0,0,0,0,0,0
18592,0,1,0,0,0,0,0,0,0,0
18595,0,0,0,0,0,0,1,0,0,0
18600,0,1,0,0,0,0,0,0,0,0
18602,1,0,0,0,0,0,0,0,0,0
18605,0,1,0,0,0,0,0,0,0,0
18606,1,0,0,0,0,0,0,0,0,0
18609,0,0,0,0,1,0,0,0,0,0
18610,1,0,0,0,0,0,0,0,0,0
18614,0,0,0,0,1,0,0,0,0,1
18621,0,0,0,1,0,0,0,0,0,0
18625,0,0,1,0,0,0,0,0,0,0
18627,1,0,0,0,0,0,0,0,0,0
18638,0,1,0,0,0,0,0,0,0,0
18642,0,0,0,0,1,0,0,0,0,0
18643,0,1,0,0,0,0,0,0,0,0
18644,0,1,0,0,0,0,0,0,0,0
18646,1,0,0,0,0,0,0,0,0,0
18648,1,0,0,0,0,0,0,0,0,0
18651,0,0,0,1,0,0,0,0,0,0
18654,0,1,0,0,0,0,0,0,0,0
18655,0,0,0,1,0,0,0,0,0,0
18658,0,1,0,0,0,0,0,0,0,0
18660,0,1,0,0,0,0,0,0,0,0
18663,0,1,0,0,0,0,0,0,0,0
18667,0,1,0,0,0,0,0,0,0,0
18668,0,0,1,0,0,0,0,0,0,0
18670,0,0,0,0,0,0,1,0,0,0
18672,0,0,0,0,0,0,1,0,0,0
18674,0,0,1,0,0,0,0,0,0,0
18678,0,0,0,1,0,0,0,0,0,0
18680,0,0,0,1,0,0,0,0,0,0
18682,0,1,0,0,0,0,0,0,0,0
18686,0,1,0,0,0,0,0,0,0,0
18688,0,1,0,0,0,0,0,0,0,0
18689,0,0,0,1,0,0,0,0,0,0
18692,0,0,0,1,0,0,0,0,0,0
18698,0,0,0,1,0,0,0,0,0,0
18699,1,0,0,0,0,0,0,0,0,0
18701,0,0,0,1,0,0,0,0,0,0
18703,1,0,0,0,0,0,0,0,0,0
18704,0,0,0,1,0,0,0,0,0,0
18705,0,0,0,1,0,0,0,0,0,0
18706,0,0,0,1,0,0,0,0,0,0
18707,0,0,0,1,0,0,0,0,0,0
18708,1,0,0,0,0,0,0,0,0,0
18713,1,0,0,0,0,0,0,0,0,0
18718,1,0,0,0,0,0,0,0,0,0
18719,1,0,0,0,0,0,0,0,0,0
18721,1,0,0,0,0,0,0,0,0,0
18724,0,0,1,0,0,0,1,0,0,0
18728,0,0,0,1,0,0,0,0,0,0
18730,0,1,0,0,0,0,0,0,0,0
18732,1,0,0,0,0,0,0,0,0,0
18736,0,0,0,1,0,0,0,0,0,0
18738,0,0,0,1,0,0,0,0,0,0
18743,0,0,0,1,0,0,0,0,0,0
18746,0,0,0,1,0,0,0,0,0,0
18747,0,0,0,1,0,0,0,0,0,0
18748,0,0,0,0,0,1,0,0,0,0
18750,0,0,1,0,0,0,1,0,0,0
18751,0,1,0,0,0,0,0,0,0,0
18753,0,0,0,0,0,1,0,0,0,0
18754,0,0,0,1,0,0,0,0,0,0
18763,0,0,1,0,0,0,1,0,0,0
18765,0,0,0,1,0,0,0,0,0,0
18769,1,0,0,0,0,0,0,0,0,0
18773,0,0,0,1,0,0,0,0,0,0
18774,0,0,0,1,0,0,0,0,0,0
18778,0,1,0,0,0,0,0,0,0,0
18779,1,0,0,0,0,0,0,0,0,0
18783,0,1,0,0,0,0,0,0,0,0
18789,0,0,0,1,0,0,0,0,0,0
18795,0,0,0,1,0,0,0,0,0,0
18798,0,0,0,0,0,1,0,0,0,0
18810,0,0,0,1,0,0,0,0,0,0
18811,0,1,0,0,0,0,0,0,0,0
18816,1,0,0,0,0,0,0,0,0,0
18824,0,0,0,1,0,0,0,0,0,0
18828,1,0,0,0,0,0,0,0,0,0
18830,1,0,0,0,0,0,0,0,0,0
18832,1,0,0,0,0,0,0,0,0,0
18835,0,0,0,0,0,1,0,0,0,0
18840,0,0,0,1,0,0,0,0,0,0
18842,0,1,0,0,0,0,0,0,0,0
18851,0,0,0,0,0,0,0,0,1,0
18856,0,1,0,0,0,0,0,0,0,0
18857,0,1,0,1,0,0,0,0,0,0
18859,0,1,0,0,0,0,0,0,0,0
18861,0,1,0,0,0,0,0,0,0,0
18863,0,1,0,0,0,0,0,0,0,0
18865,0,0,0,0,0,0,0,0,1,0
18867,0,0,0,0,0,1,0,0,0,0
18870,1,0,0,0,0,0,0,0,0,0
18875,1,0,0,0,0,0,0,0,0,0
18882,0,1,0,0,0,0,0,0,0,0
18895,0,1,0,0,0,0,0,0,0,0
18896,0,0,0,1,0,0,0,0,0,0
18898,0,1,0,0,0,0,0,0,0,0
18899,0,0,0,0,1,0,0,1,0,0
18904,0,0,0,0,0,0,1,0,0,0
18906,0,1,0,0,0,0,0,0,0,0
18908,0,0,0,0,1,0,0,1,0,0
18910,0,1,0,0,0,0,0,0,0,0
18921,0,1,0,0,0,0,0,0,0,0
18922,0,1,0,0,0,0,0,0,0,0
18938,0,1,0,0,0,0,0,0,0,0
18953,1,0,0,0,0,0,0,0,0,0
18954,0,0,0,0,1,0,0,0,0,1
18955,1,0,0,0,0,0,0,0,0,0
18959,0,1,0,0,0,0,0,0,0,0
18962,0,1,0,0,0,0,0,0,0,0
18963,0,1,0,0,0,0,0,0,0,0
18973,0,0,0,0,1,0,0,0,0,1
18975,0,1,0,0,0,0,0,0,0,0
18986,0,1,0,0,0,0,0,0,0,0
18988,0,1,0,0,0,0,0,0,0,0
18991,0,0,0,0,0,1,0,0,0,0
18992,0,0,0,0,0,1,0,0,0,0
18997,1,0,0,0,0,0,0,0,0,0
19006,0,1,0,0,0,0,0,0,0,0
19009,1,0,0,0,0,0,0,0,0,0
19020,0,0,0,0,0,0,1,0,0,0
19021,0,0,1,0,0,0,0,0,0,0
19022,0,0,0,0,0,0,1,0,0,0
19023,0,0,1,0,0,0,0,0,0,0
19028,0,0,1,0,0,0,0,0,0,0
19029,1,0,0,0,0,0,0,0,0,0
19033,0,0,0,0,0,1,0,0,0,0
19040,0,0,1,0,0,0,0,0,0,0
19042,0,1,0,0,0,0,0,0,0,0
19044,0,0,0,0,0,1,0,0,0,0
19045,1,0,0,0,0,0,0,0,0,0
19048,0,1,0,0,0,0,0,0,0,0
19050,0,1,0,0,0,0,0,0,0,0
19053,1,0,0,0,0,0,0,0,0,0
19055,0,0,0,0,1,0,0,0,1,0
19059,0,0,0,0,1,0,0,0,0,0
19061,0,0,1,0,0,0,0,0,0,0
19062,0,0,0,0,0,1,0,0,0,0
19069,0,0,0,1,0,0,0,0,0,0
19073,0,0,0,0,0,0,0,0,1,0
19087,0,1,0,0,0,0,0,0,0,0
19092,0,0,0,0,0,0,0,0,1,0
19097,0,0,0,0,0,0,0,0,1,0
19110,0,0,0,1,0,0,0,0,0,0
19113,0,1,0,0,0,0,0,0,0,0
19118,0,1,0,0,0,0,0,0,0,0
19121,0,0,0,0,0,0,1,0,0,0
19122,0,0,0,0,0,0,0,0,1,0
19127,0,1,0,0,0,0,0,0,0,0
19128,0,0,0,1,0,0,0,0,0,0
19136,0,1,0,0,0,0,0,0,0,0
19137,0,1,0,0,0,0,0,0,0,0
19142,1,0,0,0,0,0,0,0,0,0
19152,0,1,0,0,0,0,0,0,0,0
19155,0,1,0,0,0,0,0,0,0,0
19159,0,1,0,0,0,0,0,0,0,0
19163,0,0,0,0,0,1,0,0,0,0
19165,0,0,0,0,1,0,0,0,0,1
19167,0,0,0,0,0,0,1,0,0,0
19169,0,0,0,0,1,0,0,1,0,0
19170,1,0,0,0,0,0,0,0,0,0
19171,1,0,0,0,0,0,0,0,0,0
19174,1,0,0,0,0,0,0,0,0,0
19178,1,0,0,0,0,0,0,0,0,0
19180,0,1,0,0,0,0,0,0,0,0
19181,0,1,0,0,0,0,0,0,0,0
19182,0,0,0,1,0,0,0,0,0,0
19191,0,0,0,0,0,0,1,0,0,0
19193,0,0,0,1,0,0,0,0,0,0
19199,0,0,0,0,0,0,0,0,1,0
19201,0,0,1,0,0,0,1,0,0,0
19202,0,1,0,0,0,0,0,0,0,0
19208,0,1,0,0,0,0,0,0,0,0
19213,0,0,0,0,1,0,0,1,0,0
19229,0,0,1,0,0,0,1,0,0,0
19237,0,0,1,0,0,0,1,0,0,0
19238,0,0,0,0,0,0,0,0,1,0
19240,0,1,0,0,0,0,0,0,0,0
19241,0,1,0,0,0,0,0,0,0,0
19254,1,0,0,0,0,0,0,0,0,0
19255,0,1,0,0,0,0,0,0,0,0
19256,0,1,0,0,0,0,0,0,0,0
19258,0,1,0,0,0,0,0,0,0,0
19263,0,1,0,0,0,0,0,0,0,0
19267,1,0,0,0,0,0,0,0,0,0
19270,0,1,0,0,0,0,0,0,0,0
19271,0,1,0,0,0,0,0,0,0,0
19272,0,1,0,0,0,0,0,0,0,0
19273,0,0,0,0,0,1,0,0,0,0
19275,0,0,0,0,1,0,0,1,0,0
19280,0,1,0,0,0,0,0,0,0,0
19281,0,1,0,0,0,0,0,0,0,0
19283,0,1,0,0,0,0,0,0,0,0
19285,0,0,0,1,0,0,0,0,0,0
19286,0,1,0,0,0,0,0,0,0,0
19290,0,1,0,0,0,0,0,0,0,0
19291,0,0,0,1,0,0,0,0,0,0
19293,0,0,0,0,0,1,0,0,0,0
19297,0,1,0,0,0,0,0,0,0,0
19304,1,0,0,0,0,0,0,0,0,0
19307,0,1,0,0,0,0,0,0,0,0
19308,1,0,0,0,0,0,0,0,0,0
19312,0,1,0,0,0,0,0,0,0,0
19322,0,0,0,0,1,0,0,1,0,0
19325,0,1,0,0,0,0,0,0,0,0
19327,0,1,0,0,0,0,0,0,0,0
19331,0,1,0,0,0,0,0,0,0,0
19334,0,1,0,0,0,0,0,0,0,0
19341,0,1,0,0,0,0,0,0,0,0
19343,0,1,0,0,0,0,0,0,0,0
19344,0,1,0,0,0,0,0,0,0,0
19351,0,1,0,0,0,0,0,0,0,0
19352,0,1,0,0,0,0,0,0,0,0
19356,0,1,0,0,0,0,0,0,0,0
19357,1,0,0,0,0,0,0,0,0,0
19359,0,1,0,0,0,0,0,0,0,0
19360,0,1,0,0,0,0,0,0,0,0
19364,0,1,0,0,0,0,0,0,0,0
19365,1,0,0,0,0,0,0,0,0,0
19368,0,1,0,0,0,0,0,0,0,0
19369,0,1,0,0,0,0,0,0,0,0
19374,1,0,0,0,0,0,0,0,0,0
19375,1,0,0,0,0,0,0,0,0,0
19377,0,0,0,0,0,1,0,0,0,0
19378,0,1,0,0,0,0,0,0,0,0
19379,0,1,0,0,0,0,0,0,0,0
19380,0,1,0,0,0,0,0,0,0,0
19381,0,1,0,0,0,0,0,0,0,0
19383,0,1,0,0,0,0,0,0,0,0
19386,0,1,0,0,0,0,0,0,0,0
19388,0,0,0,0,1,0,0,0,0,0
19397,0,0,0,1,0,0,0,0,0,0
19403,0,0,0,1,0,0,0,0,1,0
19406,0,1,0,0,0,0,0,0,0,0
19409,0,1,0,0,0,0,0,0,0,0
19410,1,0,0,0,0,0,0,0,0,0
19411,0,1,0,0,0,0,0,0,0,0
19412,0,1,0,0,0,0,0,0,0,0
19418,0,0,1,0,0,0,0,0,0,0
19419,0,1,0,0,0,0,0,0,0,0
19420,0,1,0,0,0,0,0,0,0,0
19422,1,0,0,0,0,0,0,0,0,0
19424,1,0,0,0,0,0,0,0,0,0
19426,0,1,0,0,0,0,0,0,0,0
19427,1,0,0,0,0,0,0,0,0,0
19428,0,1,0,0,0,0,0,0,0,0
19432,0,1,0,0,0,0,0,0,0,0
19433,0,0,0,0,0,1,0,0,0,0
19435,0,1,0,0,0,0,0,0,0,0
19440,1,0,0,0,0,0,0,0,0,0
19441,0,1,0,0,0,0,0,0,0,0
19444,0,0,0,0,0,1,0,0,0,0
19447,0,1,0,0,0,0,0,0,0,0
19448,0,1,0,0,0,0,0,0,0,0
19450,1,0,0,0,0,0,0,0,0,0
19451,0,1,0,0,0,0,0,0,0,0
19453,0,1,0,0,0,0,0,0,0,0
19459,1,0,0,0,0,0,0,0,0,0
19461,0,1,0,0,0,0,0,0,0,0
19462,0,1,0,0,0,0,0,0,0,0
19464,0,1,0,0,0,0,0,0,0,0
19466,1,0,0,0,0,0,0,0,0,0
19470,0,1,0,0,0,0,0,0,0,0
19473,0,1,0,0,0,0,0,0,0,0
19474,1,0,0,0,0,0,0,0,0,0
19475,1,0,0,0,0,0,0,0,0,0
19482,0,1,0,0,0,0,0,0,0,0
19483,0,0,0,0,0,0,1,0,0,0
19487,0,0,0,0,0,0,1,0,0,0
19489,0,0,1,0,0,0,0,0,0,0
19491,0,0,0,0,0,0,0,0,1,0
19492,0,0,0,1,0,0,0,0,0,0
19497,0,0,0,1,0,0,0,0,0,0
19499,0,0,0,1,0,0,0,0,0,0
19501,0,1,0,0,0,0,0,0,0,0
19505,0,0,0,1,0,0,0,0,0,0
19506,0,0,0,1,0,0,0,0,0,0
19507,0,1,0,0,0,0,0,0,0,0
19509,0,0,0,1,0,0,0,0,0,0
19510,0,1,0,0,0,0,0,0,0,0
19511,0,0,0,0,0,0,1,0,0,0
19512,0,0,0,0,0,0,1,0,0,0
19515,1,0,0,0,0,0,0,0,0,0
19529,0,0,0,0,0,0,1,0,0,0
19537,0,0,1,0,0,0,0,0,0,0
19539,0,0,0,0,0,1,0,0,0,0
19541,0,0,1,0,0,0,0,0,0,0
19545,0,0,0,0,0,0,1,0,0,0
19546,0,0,0,0,0,1,0,0,0,0
19547,0,0,0,0,0,0,1,0,0,0
19549,0,0,0,0,1,0,0,1,0,0
19555,0,0,0,0,0,1,0,0,0,0
19556,0,0,0,1,0,0,0,0,0,0
19557,0,0,0,0,0,0,1,0,0,0
19559,0,0,0,1,0,0,0,0,0,0
19560,0,0,0,1,0,0,0,0,0,0
19561,1,0,0,0,0,0,0,0,0,0
19562,1,0,0,0,0,0,0,0,0,0
19569,0,0,0,0,0,1,0,0,0,0
19571,1,0,0,0,0,0,0,0,0,0
19572,0,1,0,0,0,0,0,0,0,0
19630,0,1,0,0,0,0,0,0,0,0
19631,0,1,0,0,0,0,0,0,0,0
19635,0,1,0,0,0,0,0,0,0,0
19639,1,0,0,0,0,0,0,0,0,0
19642,1,0,0,0,0,0,0,0,0,0
19644,1,0,0,0,0,0,0,0,0,0
19645,0,1,0,0,0,0,0,0,0,0
19647,1,0,0,0,0,0,0,0,0,0
19648,1,0,0,0,0,0,0,0,0,0
19649,0,1,0,0,0,0,0,0,0,0
19650,1,0,0,0,0,0,0,0,0,0
19651,1,0,0,0,0,0,0,0,0,0
19654,0,1,0,0,0,0,0,0,0,0
19655,1,0,0,0,0,0,0,0,0,0
19657,1,0,0,0,0,0,0,0,0,0
19658,0,0,0,0,0,1,0,0,0,0
19663,0,1,0,0,0,0,0,0,0,0
19666,0,1,0,0,0,0,0,0,0,0
19667,1,0,0,0,0,0,0,0,0,0
19668,0,0,0,0,1,0,0,1,0,0
19672,0,0,0,0,0,1,0,0,0,0
19674,1,0,0,0,0,0,0,0,0,0
19675,0,1,0,0,0,0,0,0,0,0
19679,0,1,0,0,0,0,0,0,0,0
19680,1,0,0,0,0,0,0,0,0,0
19681,0,1,0,0,0,0,0,0,0,0
19683,0,1,0,0,0,0,0,0,0,0
19684,0,0,0,1,0,0,0,0,1,0
19689,0,0,1,0,0,0,1,0,0,0
19690,0,1,0,0,0,0,0,0,0,0
19693,0,0,1,0,0,0,1,0,0,0
19697,0,1,0,0,0,0,0,0,0,0
19699,0,1,0,0,0,0,0,0,0,0
19702,0,1,0,0,0,0,0,0,0,0
19703,0,1,0,0,0,0,0,0,0,0
19704,1,0,0,0,0,0,0,0,0,0
19706,0,1,0,0,0,0,0,0,0,0
19710,1,0,0,0,0,0,0,0,0,0
19711,0,1,0,0,0,0,0,0,0,0
19712,1,0,0,0,0,0,0,0,0,0
19713,0,1,0,0,0,0,0,0,0,0
19719,0,1,0,0,0,0,0,0,0,0
19721,0,0,0,0,1,0,0,0,0,1
19723,1,0,0,0,0,0,0,0,0,0
19726,0,1,0,0,0,0,0,0,0,0
19727,0,1,0,0,0,0,0,0,0,0
19731,0,1,0,0,0,0,0,0,0,0
19732,0,1,0,0,0,0,0,0,0,0
19734,0,1,0,0,0,0,0,0,0,0
19737,0,1,0,0,0,0,0,0,0,0
19742,1,0,0,0,0,0,0,0,0,0
19744,0,1,0,0,0,0,0,0,0,0
19745,1,0,0,0,0,0,0,0,0,0
19748,0,1,0,0,0,0,0,0,0,0
19751,0,1,0,0,0,0,0,0,0,0
19756,0,0,0,1,0,0,0,0,1,0
19758,0,1,0,0,0,0,0,0,0,0
19760,0,1,0,0,0,0,0,0,0,0
19761,1,0,0,0,0,0,0,0,0,0
19762,0,1,0,0,0,0,0,0,0,0
19763,0,1,0,0,0,0,0,0,0,0
19766,0,1,0,0,0,0,0,0,0,0
19767,0,1,0,0,0,0,0,0,0,0
19769,0,1,0,0,0,0,0,0,0,0
19773,0,1,0,0,0,0,0,0,0,0
19775,0,0,0,0,0,0,1,0,0,0
19780,0,1,0,0,0,0,0,0,0,0
19784,1,0,0,0,0,0,0,0,0,0
19787,1,0,0,0,0,0,0,0,0,0
19788,1,0,0,0,0,0,0,0,0,0
19790,1,0,0,0,0,0,0,0,0,0
19796,0,1,0,0,0,0,0,0,0,0
19799,0,1,0,0,0,0,0,0,0,0
19803,1,0,0,0,0,0,0,0,0,0
19810,0,1,0,0,0,0,0,0,0,0
19812,1,0,0,0,0,0,0,0,0,0
19815,1,0,0,0,0,0,0,0,0,0
19821,0,0,0,0,1,0,0,1,0,1
19823,0,1,0,0,0,0,0,0,0,0
19826,0,1,0,0,0,0,0,0,0,0
19828,0,1,0,0,0,0,0,0,0,0
19830,0,1,0,0,0,0,0,0,0,0
19831,0,1,0,0,0,0,0,0,0,0
19832,0,0,0,1,0,0,0,0,0,0
19833,0,1,0,0,0,0,0,0,0,0
19835,0,0,0,0,1,0,0,0,0,0
19837,0,1,0,0,0,0,0,0,0,0
19839,0,1,0,0,0,0,0,0,0,0
19844,0,0,0,1,0,0,0,0,0,0
19850,1,0,0,0,0,0,0,0,0,0
19854,1,0,0,0,0,0,0,0,0,0
19856,0,1,0,0,0,0,0,0,0,0
19860,0,1,0,0,0,0,0,0,0,0
19862,1,0,0,0,0,0,0,0,0,0
19864,0,1,0,0,0,0,0,0,0,0
19865,1,0,0,0,0,0,0,0,0,0
19866,0,1,0,0,0,0,0,0,0,0
19869,0,0,1,1,0,0,0,0,0,0
19870,0,1,0,0,0,0,0,0,0,0
19872,0,1,0,0,0,0,0,0,0,0
19874,0,1,0,0,0,0,0,0,0,0
19875,0,0,0,0,0,0,1,0,0,0
19880,0,1,0,0,0,0,0,0,0,0
19882,0,0,0,0,0,0,0,0,1,0
19887,1,0,0,0,0,0,0,0,0,0
19890,0,1,0,0,0,0,0,0,0,0
19892,0,1,0,0,0,0,0,0,0,0
19895,0,1,0,0,0,0,0,0,0,0
19900,0,1,0,0,0,0,0,0,0,0
19902,0,1,0,0,0,0,0,0,0,0
19903,0,0,0,1,0,0,0,0,0,0
19906,0,1,0,0,0,0,0,0,0,0
19912,0,1,0,0,0,0,0,0,0,0
19913,0,1,0,0,0,0,0,0,0,0
19915,1,0,0,0,0,0,0,0,0,0
19918,0,0,0,0,0,1,0,0,0,0
19921,0,1,0,0,0,0,0,0,0,0
19927,0,0,0,1,0,0,0,0,0,0
19930,0,1,0,0,0,0,0,0,0,0
19933,1,0,0,0,0,0,0,0,0,0
19935,0,1,0,0,0,0,0,0,0,0
19939,0,1,0,0,0,0,0,0,0,0
19943,0,1,0,0,0,0,0,0,0,0
19946,0,1,0,0,0,0,0,0,0,0
19947,0,0,0,0,1,1,0,0,0,0
19950,0,1,0,0,0,0,0,0,0,0
19955,0,1,0,0,0,0,0,0,0,0
19957,1,0,0,0,0,0,0,0,0,0
19959,0,1,0,0,0,0,0,0,0,0
19962,0,1,0,0,0,0,0,0,0,0
19963,0,1,0,0,0,0,0,0,0,0
19964,0,0,0,0,1,0,0,0,0,0
19965,0,1,0,0,0,0,0,0,0,0
19966,1,0,0,0,0,0,0,0,0,0
19968,0,1,0,0,0,0,0,0,0,0
19975,0,1,0,0,0,0,0,0,0,0
19978,1,0,0,0,0,0,0,0,0,0
19981,0,1,0,0,0,0,0,0,0,0
19983,0,1,0,0,0,0,0,0,0,0
19984,0,1,0,0,0,0,0,0,0,0
19989,0,0,1,0,0,0,0,0,0,0
19991,0,0,1,0,0,0,0,0,0,0
19993,0,0,1,0,0,0,0,0,0,0
19996,0,0,0,1,0,0,0,0,1,0
19998,0,0,0,1,0,0,0,0,0,0
20001,0,0,1,0,0,0,0,0,0,0
20008,0,0,0,1,0,0,0,0,0,0
20009,0,0,1,0,0,0,0,0,0,0
20012,0,0,1,0,0,0,0,0,0,0
20013,0,0,1,0,0,0,0,0,0,0
20018,0,0,0,0,1,0,0,0,0,1
20021,0,0,0,0,0,0,1,0,0,0
20030,0,0,0,1,0,0,0,0,1,0
20032,0,0,0,0,0,0,1,0,0,0
20034,0,0,0,0,0,0,0,0,1,0
20035,0,1,0,0,0,0,0,0,0,0
20037,0,1,0,0,0,0,0,0,0,0
20038,0,0,0,0,0,0,1,0,0,0
20039,0,1,0,0,0,0,0,0,0,0
20048,0,0,0,0,0,0,1,0,0,0
20052,0,0,0,0,1,0,0,0,0,0
20068,0,0,1,0,0,0,0,0,0,0
20071,0,0,1,0,0,0,0,0,0,0
20080,0,0,1,0,0,0,0,0,0,0
20081,0,0,1,0,0,0,0,0,0,0
20082,0,0,1,0,0,0,0,0,0,0
20083,0,0,1,0,0,0,0,0,0,0
20087,0,0,1,0,0,0,0,0,0,0
20089,0,0,1,0,0,0,0,0,0,0
20090,0,0,0,1,0,0,0,0,0,0
20092,0,0,0,1,0,0,0,0,1,0
20093,0,0,0,1,0,0,0,0,0,0
20095,0,0,0,1,0,0,0,0,0,0
20101,0,0,0,1,0,0,0,0,1,0
20103,0,0,0,1,0,0,0,0,1,0
20105,1,0,0,0,0,0,0,0,0,0
20112,1,0,0,0,0,0,0,0,0,0
20114,0,1,0,0,0,0,0,0,0,0
20117,1,0,0,0,0,0,0,0,0,0
20118,1,0,0,0,0,0,0,0,0,0
20119,1,0,0,0,0,0,0,0,0,0
20129,1,0,0,0,0,0,0,0,0,0
20132,1,0,0,0,0,0,0,0,0,0
20135,1,0,0,0,0,0,0,0,0,0
20137,0,1,0,0,0,0,0,0,0,0
20138,1,0,0,0,0,0,0,0,0,0
20140,1,0,0,0,0,0,0,0,0,0
20142,0,1,0,0,0,0,0,0,0,0
20145,0,0,0,0,0,0,1,0,0,0
20151,1,0,0,0,0,0,0,0,0,0
20153,0,0,0,0,0,0,1,0,0,0
20159,0,0,0,0,0,0,1,0,0,0
20161,1,0,0,0,0,0,0,0,0,0
20165,1,0,0,0,0,0,0,0,0,0
20166,1,0,0,0,0,0,0,0,0,0
20168,1,0,0,0,0,0,0,0,0,0
20170,1,0,0,0,0,0,0,0,0,0
20174,1,0,0,0,0,0,0,0,0,0
20176,1,0,0,0,0,0,0,0,0,0
20180,1,0,0,0,0,0,0,0,0,0
20181,1,0,0,0,0,0,0,0,0,0
20187,1,0,0,0,0,0,0,0,0,0
20189,1,0,0,0,0,0,0,0,0,0
20191,1,0,0,0,0,0,0,0,0,0
20193,0,1,0,0,0,0,0,0,0,0
20195,1,0,0,0,0,0,0,0,0,0
20206,1,0,0,0,0,0,0,0,0,0
20207,1,0,0,0,0,0,0,0,0,0
20210,0,1,0,0,0,0,0,0,0,0
20213,1,0,0,0,0,0,0,0,0,0
20214,1,0,0,0,0,0,0,0,0,0
20215,1,0,0,0,0,0,0,0,0,0
20216,0,1,0,0,0,0,0,0,0,0
20217,1,0,0,0,0,0,0,0,0,0
20220,1,0,0,0,0,0,0,0,0,0
20221,1,0,0,0,0,0,0,0,0,0
20223,1,0,0,0,0,0,0,0,0,0
20226,1,0,0,0,0,0,0,0,0,0
20228,1,0,0,0,0,0,0,0,0,0
20231,0,0,0,0,1,0,0,1,0,0
20233,1,0,0,0,0,0,0,0,0,0
20234,1,0,0,0,0,0,0,0,0,0
20235,1,0,0,0,0,0,0,0,0,0
20237,1,0,0,0,0,0,0,0,0,0
20239,0,0,0,0,1,0,0,1,0,0
20241,1,0,0,0,0,0,0,0,0,0
20248,0,0,0,0,0,1,0,0,0,0
20249,1,0,0,0,0,0,0,0,0,0
20251,1,0,0,0,0,0,0,0,0,0
20252,1,0,0,0,0,0,0,0,0,0
20255,1,0,0,0,0,0,0,0,0,0
20256,1,0,0,0,0,0,0,0,0,0
20257,1,0,0,0,0,0,0,0,0,0
20258,0,0,0,0,1,0,0,1,0,0
20259,0,0,1,0,0,0,0,0,0,0
20261,0,0,0,0,0,0,0,0,1,0
20262,0,0,0,0,0,0,1,0,0,0
20263,0,0,1,0,0,0,1,0,0,0
20265,0,0,0,0,0,0,1,0,0,0
20266,1,0,0,0,0,0,0,0,0,0
20269,1,0,0,0,0,0,0,0,0,0
20270,0,0,0,1,0,0,0,0,0,0
20273,1,0,0,0,0,0,0,0,0,0
20274,1,0,0,0,0,0,0,0,0,0
20275,0,0,0,0,0,0,1,0,0,0
20278,1,0,0,0,0,0,0,0,0,0
20279,1,0,0,0,0,0,0,0,0,0
20284,1,0,0,0,0,0,0,0,0,0
20286,1,0,0,0,0,0,0,0,0,0
20291,1,0,0,0,0,0,0,0,0,0
20297,0,1,0,0,0,0,0,0,0,0
20298,0,1,0,0,0,0,0,0,0,0
20299,1,0,0,0,0,0,0,0,0,0
20300,1,0,0,0,0,0,0,0,0,0
20302,1,0,0,0,0,0,0,0,0,0
20304,1,0,0,0,0,0,0,0,0,0
20306,0,1,0,0,0,0,0,0,0,0
20308,1,0,0,0,0,0,0,0,0,0
20309,1,0,0,0,0,0,0,0,0,0
20310,1,0,0,0,0,0,0,0,0,0
20311,0,1,0,0,0,0,0,0,0,0
20314,1,0,0,0,0,0,0,0,0,0
20319,1,0,0,0,0,0,0,0,0,0
20321,0,1,0,0,0,0,0,0,0,0
20324,1,0,0,0,0,0,0,0,0,0
20328,0,1,0,0,0,0,0,0,0,0
20332,1,0,0,0,0,0,0,0,0,0
20333,0,0,0,1,0,0,0,0,1,0
20334,1,0,0,0,0,0,0,0,0,0
20335,0,0,0,0,0,1,0,0,0,0
20337,1,0,0,0,0,0,0,0,0,0
20339,1,0,0,0,0,0,0,0,0,0
20340,1,0,0,0,0,0,0,0,0,0
20343,0,0,1,0,0,0,1,0,0,0
20344,1,0,0,0,0,0,0,0,0,0
20347,0,0,1,0,0,0,0,0,0,0
20348,0,0,1,0,0,0,0,0,0,0
20352,0,1,0,0,0,0,0,0,0,0
20353,1,0,0,0,0,0,0,0,0,0
20357,1,0,0,0,0,0,0,0,0,0
20358,1,0,0,0,0,0,0,0,0,0
20363,1,0,0,0,0,0,0,0,0,0
20364,1,0,0,0,0,0,0,0,0,0
20365,1,0,0,0,0,0,0,0,0,0
20366,0,0,0,0,1,0,0,0,0,1
20367,1,0,0,0,0,0,0,0,0,0
20368,1,0,0,0,0,0,0,0,0,0
20370,1,0,0,0,0,0,0,0,0,0
20371,1,0,0,0,0,0,0,0,0,0
20372,1,0,0,0,0,0,0,0,0,0
20373,1,0,0,0,0,0,0,0,0,0
20374,1,0,0,0,0,0,0,0,0,0
20376,1,0,0,0,0,0,0,0,0,0
20377,0,0,1,0,0,0,0,0,0,0
20378,1,0,0,0,0,0,0,0,0,0
20379,0,1,0,0,0,0,0,0,0,0
20380,1,0,0,0,0,0,0,0,0,0
20381,1,0,0,0,0,0,0,0,0,0
20384,1,0,0,0,0,0,0,0,0,0
20385,1,0,0,0,0,0,0,0,0,0
20386,1,0,0,0,0,0,0,0,0,0
20388,1,0,0,0,0,0,0,0,0,0
20391,1,0,0,0,0,0,0,0,0,0
20392,1,0,0,0,0,0,0,0,0,0
20393,1,0,0,0,0,0,0,0,0,0
20395,1,0,0,0,0,0,0,0,0,0
20396,0,1,0,0,0,0,0,0,0,0
20398,0,1,0,0,0,0,0,0,0,0
20400,1,0,0,0,0,0,0,0,0,0
20401,1,0,0,0,0,0,0,0,0,0
20407,1,0,0,0,0,0,0,0,0,0
20409,0,0,0,0,0,0,1,0,0,0
20412,1,0,0,0,0,0,0,0,0,0
20414,1,0,0,0,0,0,0,0,0,0
20415,1,0,0,0,0,0,0,0,0,0
20419,1,0,0,0,0,0,0,0,0,0
20420,0,0,0,1,0,0,0,0,0,0
20421,1,0,0,0,0,0,0,0,0,0
20432,1,0,0,0,0,0,0,0,0,0
20438,1,0,0,0,0,0,0,0,0,0
20439,0,1,0,0,0,0,0,0,0,0
20440,1,0,0,0,0,0,0,0,0,0
20441,0,0,0,0,0,1,0,0,0,0
20442,1,0,0,0,0,0,0,0,0,0
20443,1,0,0,0,0,0,0,0,0,0
20444,0,0,0,0,0,0,0,0,1,0
20446,1,0,0,0,0,0,0,0,0,0
20448,1,0,0,0,0,0,0,0,0,0
20450,1,0,0,0,0,0,0,0,0,0
20453,1,0,0,0,0,0,0,0,0,0
20455,1,0,0,0,0,0,0,0,0,0
20457,0,1,0,0,0,0,0,0,0,0
20459,0,0,0,1,0,0,0,0,0,0
20461,0,0,0,0,0,1,0,0,0,0
20462,0,0,0,0,0,1,0,0,0,0
20463,1,0,0,0,0,0,0,0,0,0
20464,0,0,0,1,0,0,0,0,1,0
20467,0,1,0,0,0,0,0,0,0,0
20468,1,0,0,0,0,0,0,0,0,0
20469,0,0,0,0,0,1,0,0,0,0
20470,1,0,0,0,0,0,0,0,0,0
20471,1,0,0,0,0,0,0,0,0,0
20473,1,0,0,0,0,0,0,0,0,0
20474,0,0,0,1,0,0,0,0,0,0
20476,1,0,0,0,0,0,0,0,0,0
20479,1,0,0,0,0,0,0,0,0,0
20480,1,0,0,0,0,0,0,0,0,0
20485,0,1,0,0,0,0,0,0,0,0
20488,1,0,0,0,0,0,0,0,0,0
20489,0,1,0,0,0,0,0,0,0,0
20490,1,0,0,0,0,0,0,0,0,0
20493,1,0,0,0,0,0,0,0,0,0
20494,1,0,0,0,0,0,0,0,0,0
20496,0,0,1,0,0,0,0,0,0,0
20497,1,0,0,0,0,0,0,0,0,0
20498,1,0,0,0,0,0,0,0,0,0
20499,1,0,0,0,0,0,0,0,0,0
20500,0,0,1,0,0,0,1,0,0,0
20502,1,0,0,0,0,0,0,0,0,0
20507,1,0,0,0,0,0,0,0,0,0
20511,0,0,0,0,1,1,0,1,0,0
20514,1,0,0,0,0,0,0,0,0,0
20515,1,0,0,0,0,0,0,0,0,0
20517,1,0,0,0,0,0,0,0,0,0
20523,1,0,0,0,0,0,0,0,0,0
20525,0,1,0,0,0,0,0,0,0,0
20527,1,0,0,0,0,0,0,0,0,0
20529,1,0,0,0,0,0,0,0,0,0
20531,1,0,0,0,0,0,0,0,0,0
20532,0,0,0,0,0,0,1,0,0,0
20533,1,0,0,0,0,0,0,0,0,0
20535,1,0,0,0,0,0,0,0,0,0
20545,1,0,0,0,0,0,0,0,0,0
20546,1,0,0,0,0,0,0,0,0,0
20548,1,0,0,0,0,0,0,0,0,0
20550,0,0,0,0,1,0,0,1,0,0
20552,0,1,0,0,0,0,0,0,0,0
20557,1,0,0,0,0,0,0,0,0,0
20558,1,0,0,0,0,0,0,0,0,0
20561,1,0,0,0,0,0,0,0,0,0
20562,1,0,0,0,0,0,0,0,0,0
20564,1,0,0,0,0,0,0,0,0,0
20566,1,0,0,0,0,0,0,0,0,0
20567,1,0,0,0,0,0,0,0,0,0
20569,1,0,0,0,0,0,0,0,0,0
20583,1,0,0,0,0,0,0,0,0,0
20584,0,1,0,0,0,0,0,0,0,0
20586,1,0,0,0,0,0,0,0,0,0
20593,1,0,0,0,0,0,0,0,0,0
20596,1,0,0,0,0,0,0,0,0,0
20598,1,0,0,0,0,0,0,0,0,0
20600,1,0,0,0,0,0,0,0,0,0
20605,1,0,0,0,0,0,0,0,0,0
20606,1,0,0,0,0,0,0,0,0,0
20611,0,0,0,0,1,0,0,1,0,0
20618,0,1,0,0,0,0,0,0,0,0
20624,0,0,0,0,0,0,0,0,1,0
20628,1,0,0,0,0,0,0,0,0,0
20630,1,0,0,0,0,0,0,0,0,0
20631,0,0,1,0,0,0,1,0,0,0
20632,0,0,0,1,0,0,0,0,0,0
20634,1,0,0,0,0,0,0,0,0,0
20637,0,0,0,0,1,0,0,0,0,1
20639,1,0,0,0,0,0,0,0,0,0
20640,1,0,0,0,0,0,0,0,0,0
20641,0,1,0,0,0,0,0,0,0,0
20645,0,0,0,0,1,0,0,1,0,1
20646,1,0,0,0,0,0,0,0,0,0
20648,1,0,0,0,0,0,0,0,0,0
20649,0,0,0,0,1,1,0,0,0,1
20650,1,0,0,0,0,0,0,0,0,0
20651,1,0,0,0,0,0,0,0,0,0
20652,1,0,0,0,0,0,0,0,0,0
20653,0,0,0,1,0,0,0,0,0,0
20654,1,0,0,0,0,0,0,0,0,0
20655,1,0,0,0,0,0,0,0,0,0
20657,1,0,0,0,0,0,0,0,0,0
20658,1,0,0,0,0,0,0,0,0,0
20660,1,0,0,0,0,0,0,0,0,0
20662,0,0,0,1,0,0,0,0,0,0
20667,0,1,0,0,0,0,0,0,0,0
20668,1,0,0,0,0,0,0,0,0,0
20669,1,0,0,0,0,0,0,0,0,0
20670,1,0,0,0,0,0,0,0,0,0
20671,1,0,0,0,0,0,0,0,0,0
20672,1,0,0,0,0,0,0,0,0,0
20673,1,0,0,0,0,0,0,0,0,0
20678,0,0,1,0,0,0,1,0,0,0
20679,0,1,0,0,0,0,0,0,0,0
20680,1,0,0,0,0,0,0,0,0,0
20682,0,0,0,0,0,1,0,0,0,0
20685,1,0,0,0,0,0,0,0,0,0
20692,0,0,0,1,0,0,0,0,0,0
20693,0,1,0,0,0,0,0,0,0,0
20695,1,0,0,0,0,0,0,0,0,0
20698,0,1,0,0,0,0,0,0,0,0
20706,1,0,0,0,0,0,0,0,0,0
20708,1,0,0,0,0,0,0,0,0,0
20709,0,0,0,1,0,0,0,0,0,0
20711,1,0,0,0,0,0,0,0,0,0
20712,1,0,0,0,0,0,0,0,0,0
20715,1,0,0,0,0,0,0,0,0,0
20719,0,0,0,0,0,0,0,0,1,0
20721,0,0,0,1,0,0,0,0,0,0
20723,0,0,0,0,1,0,0,0,0,1
20725,0,1,0,0,0,0,0,0,0,0
20728,1,0,0,0,0,0,0,0,0,0
20730,0,0,0,1,0,0,0,0,0,0
20734,0,1,0,0,0,0,0,0,0,0
20735,1,0,0,0,0,0,0,0,0,0
20736,1,0,0,0,0,0,0,0,0,0
20738,0,0,0,0,1,0,0,1,0,0
20744,0,1,0,0,0,0,0,0,0,0
20746,1,0,0,0,0,0,0,0,0,0
20747,1,0,0,0,0,0,0,0,0,0
20753,1,0,0,0,0,0,0,0,0,0
20754,0,1,0,0,0,0,0,0,0,0
20755,0,1,0,0,0,0,0,0,0,0
20756,0,0,0,1,0,0,0,0,1,0
20757,0,0,0,0,0,1,0,0,0,0
20759,0,0,0,0,0,0,1,0,0,0
20763,0,0,0,0,1,0,0,0,0,1
20764,0,0,1,0,0,0,1,0,0,0
20766,0,1,0,0,0,0,0,0,0,0
20767,1,0,0,0,0,0,0,0,0,0
20768,1,0,0,0,0,0,0,0,0,0
20769,0,0,0,0,0,0,1,0,0,0
20770,1,0,0,0,0,0,0,0,0,0
20771,1,0,0,0,0,0,0,0,0,0
20773,1,0,0,0,0,0,0,0,0,0
20774,0,0,0,1,0,0,0,0,1,0
20775,0,1,0,0,0,0,0,0,0,0
20776,1,0,0,0,0,0,0,0,0,0
20778,0,0,0,1,0,0,0,0,0,0
20779,1,0,0,0,0,0,0,0,0,0
20784,1,0,0,0,0,0,0,0,0,0
20787,0,0,0,0,0,1,0,0,0,0
20791,1,0,0,0,0,0,0,0,0,0
20792,0,1,0,0,0,0,0,0,0,0
20793,1,0,0,0,0,0,0,0,0,0
20794,1,0,0,0,0,0,0,0,0,0
20795,0,0,1,0,0,0,0,0,0,0
20797,0,1,0,0,0,0,0,0,0,0
20798,1,0,0,0,0,0,0,0,0,0
20800,1,0,0,0,0,0,0,0,0,0
20801,1,0,0,0,0,0,0,0,0,0
20802,1,0,0,0,0,0,0,0,0,0
20803,1,0,0,0,0,0,0,0,0,0
20804,1,0,0,0,0,0,0,0,0,0
20807,1,0,0,0,0,0,0,0,0,0
20811,0,1,0,0,0,0,0,0,0,0
20812,1,0,0,0,0,0,0,0,0,0
20813,1,0,0,0,0,0,0,0,0,0
20814,1,0,0,0,0,0,0,0,0,0
20817,1,0,0,0,0,0,0,0,0,0
20822,1,0,0,0,0,0,0,0,0,0
20824,0,1,0,0,0,0,0,0,0,0
20825,1,0,0,0,0,0,0,0,0,0
20826,1,0,0,0,0,0,0,0,0,0
20828,0,0,0,1,0,0,0,0,1,0
20829,0,0,0,0,0,1,0,0,0,0
20833,1,0,0,0,0,0,0,0,0,0
20834,0,1,0,0,0,0,0,0,0,0
20835,0,1,0,0,0,0,0,0,0,0
20836,1,0,0,0,0,0,0,0,0,0
20837,1,0,0,0,0,0,0,0,0,0
20838,1,0,0,0,0,0,0,0,0,0
20840,0,1,0,0,0,0,0,0,0,0
20858,0,0,1,0,0,0,0,0,0,0
20862,0,0,1,0,0,0,0,0,0,0
20865,0,0,0,0,0,1,0,0,0,0
20868,0,0,1,0,0,0,0,0,0,0
20869,0,0,0,1,0,0,0,0,0,0
20878,0,0,0,1,0,0,0,0,0,0
20879,1,0,0,0,0,0,0,0,0,0
20881,0,0,0,1,0,0,0,0,1,0
20882,0,0,0,1,0,0,0,0,1,0
20883,1,0,0,0,0,0,0,0,0,0
20885,1,0,0,0,0,0,0,0,0,0
20887,0,1,0,0,0,0,0,0,0,0
20888,1,0,0,0,0,0,0,0,0,0
20890,0,0,0,1,0,0,0,0,1,0
20893,0,0,1,0,0,0,0,0,0,0
20894,1,0,0,0,0,0,0,0,0,0
20896,1,0,0,0,0,0,0,0,0,0
20898,0,1,0,0,0,0,0,0,0,0
20900,1,0,0,0,0,0,0,0,0,0
20901,0,1,0,0,0,0,0,0,0,0
20902,0,0,0,0,0,0,0,0,1,0
20904,1,0,0,0,0,0,0,0,0,0
20905,0,1,0,0,0,0,0,0,0,0
20907,0,0,1,0,0,0,0,0,0,0
20909,0,0,0,1,0,0,0,0,0,0
20910,1,0,0,0,0,0,0,0,0,0
20913,1,0,0,0,0,0,0,0,0,0
20915,1,0,0,0,0,0,0,0,0,0
20917,0,1,0,0,0,0,0,0,0,0
20918,1,0,0,0,0,0,0,0,0,0
20919,0,0,0,1,0,0,0,0,0,0
20920,1,0,0,0,0,0,0,0,0,0
20921,0,1,0,0,0,0,0,0,0,0
20922,0,0,1,0,0,0,0,0,0,0
20925,0,0,1,0,0,0,0,0,0,0
20926,1,0,0,0,0,0,0,0,0,0
20927,1,0,0,0,0,0,0,0,0,0
20930,1,0,0,0,0,0,0,0,0,0
20931,1,0,0,0,0,0,0,0,0,0
20932,1,0,0,0,0,0,0,0,0,0
20936,0,0,0,1,0,0,0,0,0,0
20937,1,0,0,0,0,0,0,0,0,0
20938,1,0,0,0,0,0,0,0,0,0
20941,0,0,1,0,0,0,0,0,0,0
20943,1,0,0,0,0,0,0,0,0,0
20944,0,0,0,1,0,0,0,0,0,0
20945,0,1,0,0,0,0,0,0,0,0
20946,0,1,0,0,0,0,0,0,0,0
20947,1,0,0,0,0,0,0,0,0,0
20948,0,0,1,0,0,0,0,0,0,0
20949,1,0,0,0,0,0,0,0,0,0
20954,1,0,0,0,0,0,0,0,0,0
20958,0,0,1,0,0,0,0,0,0,0
20959,0,0,0,1,0,0,0,0,0,0
20968,1,0,0,0,0,0,0,0,0,0
20969,1,0,0,0,0,0,0,0,0,0
20972,1,0,0,0,0,0,0,0,0,0
20973,1,0,0,0,0,0,0,0,0,0
20974,1,0,0,0,0,0,0,0,0,0
20975,1,0,0,0,0,0,0,0,0,0
20976,1,0,0,0,0,0,0,0,0,0
20979,1,0,0,0,0,0,0,0,0,0
20981,0,0,0,1,0,0,0,0,1,0
20982,0,1,0,0,0,0,0,0,0,0
20983,1,0,0,0,0,0,0,0,0,0
20984,1,0,0,0,0,0,0,0,0,0
20988,1,0,0,0,0,0,0,0,0,0
20989,0,0,0,0,0,1,0,0,0,0
20991,0,0,0,1,0,0,0,0,1,0
20995,0,1,0,0,0,0,0,0,0,0
21000,0,1,0,0,0,0,0,0,0,0
21002,0,0,0,1,0,0,0,0,1,0
21003,0,1,0,0,0,0,0,0,0,0
21006,0,0,0,1,0,0,0,0,1,0
21007,0,1,0,0,0,0,0,0,0,0
21012,1,0,0,0,0,0,0,0,0,0
21013,0,0,0,1,0,0,0,0,1,0
21014,1,0,0,0,0,0,0,0,0,0
21016,1,0,0,0,0,0,0,0,0,0
21017,1,0,0,0,0,0,0,0,0,0
21018,0,0,0,1,0,0,0,0,0,0
21019,0,1,0,0,0,0,0,0,0,0
21022,1,0,0,0,0,0,0,0,0,0
21023,0,0,1,0,0,0,0,0,0,0
21028,1,0,0,0,0,0,0,0,0,0
21030,0,1,0,0,0,0,0,0,0,0
21031,0,0,0,0,0,1,0,0,0,0
21032,1,0,0,0,0,0,0,0,0,0
21034,1,0,0,0,0,0,0,0,0,0
21036,1,0,0,0,0,0,0,0,0,0
21037,1,0,0,0,0,0,0,0,0,0
21038,1,0,0,0,0,0,0,0,0,0
21039,0,1,0,0,0,0,0,0,0,0
21040,0,1,0,0,0,0,0,0,0,0
21041,0,1,0,0,0,0,0,0,0,0
21042,1,0,0,0,0,0,0,0,0,0
21044,1,0,0,0,0,0,0,0,0,0
21045,1,0,0,0,0,0,0,0,0,0
21046,0,1,0,0,0,0,0,0,0,0
21047,1,0,0,0,0,0,0,0,0,0
21049,1,0,0,0,0,0,0,0,0,0
21050,0,1,0,0,0,0,0,0,0,0
21051,0,1,0,0,0,0,0,0,0,0
21053,1,0,0,0,0,0,0,0,0,0
21055,1,0,0,0,0,0,0,0,0,0
21058,0,0,0,1,0,0,0,0,0,0
21059,0,1,0,0,0,0,0,0,0,0
21060,0,1,0,0,0,0,0,0,0,0
21061,0,1,0,0,0,0,0,0,0,0
21063,0,1,0,0,0,0,0,0,0,0
21065,0,1,0,0,0,0,0,0,0,0
21067,0,0,0,1,0,0,0,0,0,0
21071,0,1,0,0,0,0,0,0,0,0
21073,0,1,0,0,0,0,0,0,0,0
21076,0,0,0,1,0,0,0,0,0,0
21077,1,0,0,0,0,0,0,0,0,0
21078,0,1,0,0,0,0,0,0,0,0
21081,1,0,0,0,0,0,0,0,0,0
21082,0,1,0,0,0,0,0,0,0,0
21091,0,0,0,0,1,0,0,1,0,1
21093,0,1,0,0,0,0,0,0,0,0
21095,1,0,0,0,0,0,0,0,0,0
21097,0,1,0,0,0,0,0,0,0,0
21100,1,0,0,0,0,0,0,0,0,0
21103,1,0,0,0,0,0,0,0,0,0
21105,1,0,0,0,0,0,0,0,0,0
21106,1,0,0,0,0,0,0,0,0,0
21109,1,0,0,0,0,0,0,0,0,0
21112,1,0,0,0,0,0,0,0,0,0
21113,1,0,0,0,0,0,0,0,0,0
21114,1,0,0,0,0,0,0,0,0,0
21117,1,0,0,0,0,0,0,0,0,0
21122,0,0,1,0,0,0,0,0,0,0
21123,0,0,0,0,1,0,0,0,0,0
21124,0,0,0,0,0,0,1,0,0,0
21128,0,0,1,0,0,0,0,0,0,0
21129,0,1,0,0,0,0,0,0,0,0
21131,0,0,0,1,0,0,0,0,0,0
21132,1,0,0,0,0,0,0,0,0,0
21133,0,1,0,0,0,0,0,0,0,0
21134,0,1,0,0,0,0,0,0,0,0
21135,1,0,0,0,0,0,0,0,0,0
21136,1,0,0,0,0,0,0,0,0,0
21138,0,0,1,0,0,0,0,0,0,0
21140,0,1,0,0,0,0,0,0,0,0
21142,1,0,0,0,0,0,0,0,0,0
21143,0,1,0,0,0,0,0,0,0,0
21146,1,0,0,0,0,0,0,0,0,0
21148,1,0,0,0,0,0,0,0,0,0
21149,0,0,0,1,0,0,0,0,1,0
21151,0,0,1,0,0,0,0,0,0,0
21152,0,0,0,0,1,0,0,0,0,0
21157,0,0,1,0,0,0,0,0,0,0
21163,0,0,1,0,0,0,0,0,0,0
21164,1,0,0,0,0,0,0,0,0,0
21165,1,0,0,0,0,0,0,0,0,0
21166,1,0,0,0,0,0,0,0,0,0
21168,0,0,0,0,1,0,0,0,0,0
21172,0,0,1,0,0,0,0,0,0,0
21173,1,0,0,0,0,0,0,0,0,0
21175,1,0,0,0,0,0,0,0,0,0
21176,1,0,0,0,0,0,0,0,0,0
21178,1,0,0,0,0,0,0,0,0,0
21179,1,0,0,0,0,0,0,0,0,0
21181,1,0,0,0,0,0,0,0,0,0
21182,1,0,0,0,0,0,0,0,0,0
21187,0,0,0,0,0,1,0,0,0,0
21189,1,0,0,0,0,0,0,0,0,0
21190,1,0,0,0,0,0,0,0,0,0
21191,1,0,0,0,0,0,0,0,0,0
21192,1,0,0,0,0,0,0,0,0,0
21193,1,0,0,0,0,0,0,0,0,0
21194,1,0,0,0,0,0,0,0,0,0
21195,1,0,0,0,0,0,0,0,0,0
21196,1,0,0,0,0,0,0,0,0,0
21197,0,0,0,1,0,0,0,0,0,0
21199,1,0,0,0,0,0,0,0,0,0
21201,0,1,0,0,0,0,0,0,0,0
21202,0,0,1,0,0,0,0,0,0,0
21203,1,0,0,0,0,0,0,0,0,0
21205,1,0,0,0,0,0,0,0,0,0
21206,1,0,0,0,0,0,0,0,0,0
21208,1,0,0,0,0,0,0,0,0,0
21209,1,0,0,0,0,0,0,0,0,0
21210,0,1,0,0,0,0,0,0,0,0
21211,1,0,0,0,0,0,0,0,0,0
21212,1,0,0,0,0,0,0,0,0,0
21214,1,0,0,0,0,0,0,0,0,0
21215,1,0,0,0,0,0,0,0,0,0
21216,0,0,0,1,0,0,0,0,1,0
21218,1,0,0,0,0,0,0,0,0,0
21219,1,0,0,0,0,0,0,0,0,0
21221,1,0,0,0,0,0,0,0,0,0
21222,1,0,0,0,0,0,0,0,0,0
21224,1,0,0,0,0,0,0,0,0,0
21227,1,0,0,0,0,0,0,0,0,0
21228,0,1,0,0,0,0,0,0,0,0
21230,0,1,0,0,0,0,0,0,0,0
21232,1,0,0,0,0,0,0,0,0,0
21233,1,0,0,0,0,0,0,0,0,0
21234,1,0,0,0,0,0,0,0,0,0
21236,1,0,0,0,0,0,0,0,0,0
21237,1,0,0,0,0,0,0,0,0,0
21238,1,0,0,0,0,0,0,0,0,0
21240,1,0,0,0,0,0,0,0,0,0
21242,1,0,0,0,0,0,0,0,0,0
21243,0,0,0,0,1,0,0,1,0,1
21244,1,0,0,0,0,0,0,0,0,0
21248,1,0,0,0,0,0,0,0,0,0
21251,0,1,0,0,0,0,0,0,0,0
21252,1,0,0,0,0,0,0,0,0,0
21253,0,1,0,0,0,0,0,0,0,0
21254,1,0,0,0,0,0,0,0,0,0
21255,1,0,0,0,0,0,0,0,0,0
21256,1,0,0,0,0,0,0,0,0,0
21257,1,0,0,0,0,0,0,0,0,0
21259,1,0,0,0,0,0,0,0,0,0
21260,1,0,0,0,0,0,0,0,0,0
21261,0,1,0,0,0,0,0,0,0,0
21262,1,0,0,0,0,0,0,0,0,0
21264,1,0,0,0,0,0,0,0,0,0
21265,1,0,0,0,0,0,0,0,0,0
21266,1,0,0,0,0,0,0,0,0,0
21267,0,0,0,1,0,0,0,0,0,0
21271,1,0,0,0,0,0,0,0,0,0
21272,1,0,0,0,0,0,0,0,0,0
21274,0,0,0,1,0,0,0,0,0,0
21275,1,0,0,0,0,0,0,0,0,0
21277,0,0,1,0,0,0,0,0,0,0
21278,0,1,0,0,0,0,0,0,0,0
21281,1,0,0,0,0,0,0,0,0,0
21282,0,1,0,0,0,0,0,0,0,0
21283,1,0,0,0,0,0,0,0,0,0
21285,0,0,0,0,0,0,1,0,0,0
21286,1,0,0,0,0,0,0,0,0,0
21287,0,1,0,0,0,0,0,0,0,0
21291,0,1,0,0,0,0,0,0,0,0
21292,0,1,0,0,0,0,0,0,0,0
21295,1,0,0,0,0,0,0,0,0,0
21297,0,1,0,0,0,0,0,0,0,0
21298,1,0,0,0,0,0,0,0,0,0
21300,1,0,0,0,0,0,0,0,0,0
21301,0,1,0,0,0,0,0,0,0,0
21302,1,0,0,0,0,0,0,0,0,0
21303,0,0,1,0,0,0,0,0,0,0
21307,0,1,0,0,0,0,0,0,0,0
21308,1,0,0,0,0,0,0,0,0,0
21315,1,0,0,0,0,0,0,0,0,0
21318,0,1,0,0,0,0,0,0,0,0
21319,0,1,0,0,0,0,0,0,0,0
21322,1,0,0,0,0,0,0,0,0,0
21323,0,0,1,0,0,0,0,0,0,0
21324,1,0,0,0,0,0,0,0,0,0
21325,1,0,0,0,0,0,0,0,0,0
21330,1,0,0,0,0,0,0,0,0,0
21331,0,0,0,0,0,0,1,0,0,0
21333,0,1,0,0,0,0,0,0,0,0
21336,1,0,0,0,0,0,0,0,0,0
21337,1,0,0,0,0,0,0,0,0,0
21339,0,0,1,0,0,0,0,0,0,0
21342,0,0,0,0,0,0,1,0,0,0
21343,0,0,1,0,0,0,0,0,0,0
21346,1,0,0,0,0,0,0,0,0,0
21350,1,0,0,0,0,0,0,0,0,0
21352,1,0,0,0,0,0,0,0,0,0
21354,1,0,0,0,0,0,0,0,0,0
21356,1,0,0,0,0,0,0,0,0,0
21357,0,1,0,0,0,0,0,0,0,0
21358,0,1,0,0,0,0,0,0,0,0
21359,1,0,0,0,0,0,0,0,0,0
21360,1,0,0,0,0,0,0,0,0,0
21362,1,0,0,0,0,0,0,0,0,0
21363,0,0,0,1,0,0,0,0,0,0
21368,0,0,0,0,1,0,0,0,0,0
21369,0,0,0,1,0,0,0,0,0,0
21371,0,0,0,0,0,0,0,0,1,0
21372,1,0,0,0,0,0,0,0,0,0
21373,1,0,0,0,0,0,0,0,0,0
21375,0,1,0,0,0,0,0,0,0,0
21376,0,1,0,0,0,0,0,0,0,0
21378,1,0,0,0,0,0,0,0,0,0
21380,0,0,0,1,0,0,0,0,0,0
21382,0,1,0,0,0,0,0,0,0,0
21385,1,0,0,0,0,0,0,0,0,0
21386,1,0,0,0,0,0,0,0,0,0
21387,0,1,0,0,0,0,0,0,0,0
21388,1,0,0,0,0,0,0,0,0,0
21391,0,0,0,0,0,1,0,0,0,0
21392,0,0,0,0,0,1,0,0,0,0
21393,0,1,0,0,0,0,0,0,0,0
21394,0,1,0,0,0,0,0,0,0,0
21401,0,1,0,0,0,0,0,0,0,0
21403,1,0,0,0,0,0,0,0,0,0
21404,0,1,0,0,0,0,0,0,0,0
21405,1,0,0,0,0,0,0,0,0,0
21406,1,0,0,0,0,0,0,0,0,0
21408,0,1,0,0,0,0,0,0,0,0
21410,0,1,0,0,0,0,0,0,0,0
21411,0,1,0,0,0,0,0,0,0,0
21412,1,0,0,0,0,0,0,0,0,0
21413,1,0,0,0,0,0,0,0,0,0
21414,1,0,0,0,0,0,0,0,0,0
21415,1,0,0,0,0,0,0,0,0,0
21416,1,0,0,0,0,0,0,0,0,0
21417,0,1,0,1,0,0,0,0,0,0
21419,0,1,0,0,0,0,0,0,0,0
21421,0,1,0,0,0,0,0,0,0,0
21422,0,0,1,0,0,0,1,0,0,0
21427,0,1,0,0,0,0,0,0,0,0
21429,0,1,0,0,0,0,0,0,0,0
21430,1,0,0,0,0,0,0,0,0,0
21431,1,0,0,0,0,0,0,0,0,0
21435,1,0,0,0,0,0,0,0,0,0
21436,1,0,0,0,0,0,0,0,0,0
21437,1,0,0,0,0,0,0,0,0,0
21440,0,1,0,0,0,0,0,0,0,0
21441,1,0,0,0,0,0,0,0,0,0
21443,0,0,0,1,0,0,0,0,1,0
21447,1,0,0,0,0,0,0,0,0,0
21448,1,0,0,0,0,0,0,0,0,0
21451,1,0,0,0,0,0,0,0,0,0
21453,1,0,0,0,0,0,0,0,0,0
21454,0,1,0,0,0,0,0,0,0,0
21455,1,0,0,0,0,0,0,0,0,0
21459,0,0,0,1,0,0,0,0,1,0
21460,1,0,0,0,0,0,0,0,0,0
21462,0,1,0,0,0,0,0,0,0,0
21465,0,0,0,1,0,0,0,0,0,0
21466,0,1,0,0,0,0,0,0,0,0
21468,0,0,1,0,0,0,1,0,0,0
21469,0,1,0,0,0,0,0,0,0,0
21474,1,0,0,0,0,0,0,0,0,0
21475,0,0,0,1,0,0,0,0,1,0
21477,0,0,1,0,0,0,0,0,0,0
21478,0,1,0,0,0,0,0,0,0,0
21479,1,0,0,0,0,0,0,0,0,0
21480,1,0,0,0,0,0,0,0,0,0
21482,0,0,0,1,0,0,0,0,1,0
21484,0,0,0,1,0,0,0,0,0,0
21485,0,0,0,1,0,0,0,0,1,0
21486,0,0,0,0,0,0,0,0,1,0
21488,1,0,0,0,0,0,0,0,0,0
21489,1,0,0,0,0,0,0,0,0,0
21490,1,0,0,0,0,0,0,0,0,0
21491,0,0,0,0,0,0,1,0,0,0
21492,0,0,0,1,0,0,0,0,1,0
21493,0,0,0,0,1,0,0,0,0,1
21496,0,0,1,0,0,0,0,0,0,0
21501,0,0,0,0,0,0,0,0,1,0
21502,0,0,0,1,0,0,0,0,0,0
21503,0,1,0,0,0,0,0,0,0,0
21506,0,0,0,1,0,0,0,0,1,0
21508,0,0,1,0,0,0,1,0,0,0
21510,0,0,1,0,0,0,1,0,0,0
21511,0,0,1,0,0,0,1,0,0,0
21512,0,0,1,0,0,0,0,0,0,0
21517,0,0,0,0,0,0,0,0,1,0
21521,0,0,1,0,0,0,0,0,0,0
21523,0,0,0,0,0,0,0,0,1,0
21526,0,0,0,0,0,0,0,0,1,0
21530,0,0,0,0,1,0,0,0,0,0
21535,0,0,1,0,0,0,0,0,0,0
21538,0,1,0,0,0,0,0,0,0,0
21539,0,0,1,0,0,0,0,0,0,0
21541,0,0,0,1,0,0,0,0,0,0
21542,0,0,1,0,0,0,0,0,0,0
21550,0,1,0,0,0,0,0,0,0,0
21551,1,0,0,0,0,0,0,0,0,0
21553,1,0,0,0,0,0,0,0,0,0
21555,0,1,0,0,0,0,0,0,0,0
21556,0,0,1,0,0,0,0,0,0,0
21561,0,0,1,0,0,0,0,0,0,0
21562,0,0,0,0,0,1,0,0,0,0
21568,0,0,0,1,0,0,0,0,0,0
21570,0,0,0,0,1,0,0,0,0,0
21571,0,1,0,0,0,0,0,0,0,0
21573,0,0,1,0,0,0,0,0,0,0
21574,0,0,0,0,0,0,0,0,1,0
